ID,수요량
TEST_0000,233.65688
TEST_0001,44.61114
TEST_0002,396.74612
TEST_0003,177.08652
TEST_0004,212.32544
TEST_0005,187.58095
TEST_0006,186.97858
TEST_0007,802.69244
TEST_0008,154.51813
TEST_0009,309.82413
TEST_0010,74.711
TEST_0011,92.90444
TEST_0012,124.954704
TEST_0013,175.38843
TEST_0014,112.26259
TEST_0015,48.988785
TEST_0016,44.804173
TEST_0017,368.11368
TEST_0018,183.98611
TEST_0019,29.41808
TEST_0020,66.05442
TEST_0021,67.040215
TEST_0022,65.653725
TEST_0023,50.60428
TEST_0024,381.92795
TEST_0025,67.72684
TEST_0026,222.6226
TEST_0027,702.047
TEST_0028,788.0592
TEST_0029,419.33807
TEST_0030,336.82672
TEST_0031,452.0533
TEST_0032,62.097187
TEST_0033,64.159164
TEST_0034,492.7497
TEST_0035,1304.1365
TEST_0036,1018.99896
TEST_0037,635.446
TEST_0038,92.98676
TEST_0039,458.34622
TEST_0040,97.41194
TEST_0041,44.295254
TEST_0042,409.8818
TEST_0043,69.43238
TEST_0044,913.8759
TEST_0045,181.15967
TEST_0046,598.6948
TEST_0047,90.95829
TEST_0048,171.4453
TEST_0049,52.291023
TEST_0050,69.24861
TEST_0051,674.57495
TEST_0052,47.00427
TEST_0053,193.31314
TEST_0054,141.40527
TEST_0055,1161.7828
TEST_0056,36.140606
TEST_0057,109.652145
TEST_0058,280.08865
TEST_0059,2451.8284
TEST_0060,317.44928
TEST_0061,615.0154
TEST_0062,63.78551
TEST_0063,240.74469
TEST_0064,213.95609
TEST_0065,1076.8546
TEST_0066,218.07149
TEST_0067,59.079163
TEST_0068,567.9927
TEST_0069,366.0639
TEST_0070,298.89398
TEST_0071,49.35862
TEST_0072,67.2216
TEST_0073,216.16216
TEST_0074,24.524206
TEST_0075,208.5704
TEST_0076,62.46067
TEST_0077,228.51733
TEST_0078,102.39882
TEST_0079,264.1526
TEST_0080,328.42523
TEST_0081,1015.5177
TEST_0082,93.346115
TEST_0083,507.83072
TEST_0084,87.19002
TEST_0085,45.36762
TEST_0086,280.65433
TEST_0087,68.36247
TEST_0088,74.000946
TEST_0089,69.05629
TEST_0090,34.908607
TEST_0091,344.35556
TEST_0092,524.2015
TEST_0093,94.77342
TEST_0094,136.8498
TEST_0095,411.27823
TEST_0096,568.0333
TEST_0097,42.456566
TEST_0098,272.30255
TEST_0099,598.94214
TEST_0100,55.674206
TEST_0101,239.44096
TEST_0102,42.66455
TEST_0103,477.8479
TEST_0104,59.514854
TEST_0105,62.124676
TEST_0106,153.89268
TEST_0107,924.9307
TEST_0108,195.40677
TEST_0109,125.15542
TEST_0110,111.8857
TEST_0111,88.821526
TEST_0112,151.72556
TEST_0113,614.638
TEST_0114,75.10377
TEST_0115,582.3281
TEST_0116,974.0748
TEST_0117,57.104935
TEST_0118,337.48547
TEST_0119,338.5695
TEST_0120,425.25037
TEST_0121,71.90808
TEST_0122,349.9756
TEST_0123,55.2288
TEST_0124,537.74524
TEST_0125,52.03326
TEST_0126,125.32948
TEST_0127,164.45757
TEST_0128,215.68665
TEST_0129,405.3731
TEST_0130,237.83276
TEST_0131,80.70453
TEST_0132,304.48535
TEST_0133,169.83072
TEST_0134,93.57277
TEST_0135,570.2938
TEST_0136,47.594547
TEST_0137,27.808163
TEST_0138,48.164734
TEST_0139,367.46613
TEST_0140,556.0049
TEST_0141,178.90396
TEST_0142,1281.7351
TEST_0143,53.179558
TEST_0144,382.10248
TEST_0145,303.9158
TEST_0146,36.281784
TEST_0147,477.8037
TEST_0148,409.2799
TEST_0149,172.98296
TEST_0150,49.72546
TEST_0151,640.994
TEST_0152,38.117306
TEST_0153,43.30301
TEST_0154,59.79916
TEST_0155,137.98758
TEST_0156,23.927496
TEST_0157,50.726967
TEST_0158,276.4585
TEST_0159,84.96545
TEST_0160,234.87016
TEST_0161,111.754074
TEST_0162,204.01347
TEST_0163,53.682297
TEST_0164,75.36619
TEST_0165,39.963768
TEST_0166,147.75252
TEST_0167,30.651186
TEST_0168,58.353954
TEST_0169,200.86697
TEST_0170,77.01603
TEST_0171,1049.5172
TEST_0172,239.80157
TEST_0173,531.6529
TEST_0174,328.12695
TEST_0175,438.6973
TEST_0176,339.15353
TEST_0177,46.00832
TEST_0178,86.88
TEST_0179,507.76257
TEST_0180,127.94374
TEST_0181,299.2262
TEST_0182,476.80487
TEST_0183,33.355705
TEST_0184,404.28986
TEST_0185,185.11394
TEST_0186,633.97864
TEST_0187,64.73705
TEST_0188,394.55725
TEST_0189,93.78824
TEST_0190,111.238045
TEST_0191,32.783264
TEST_0192,719.45593
TEST_0193,46.323067
TEST_0194,2697.0388
TEST_0195,117.34701
TEST_0196,45.27447
TEST_0197,27.598736
TEST_0198,243.87712
TEST_0199,279.61896
TEST_0200,369.74326
TEST_0201,35.866924
TEST_0202,47.542355
TEST_0203,244.03462
TEST_0204,103.49724
TEST_0205,181.2065
TEST_0206,228.94835
TEST_0207,128.48125
TEST_0208,341.24835
TEST_0209,58.095158
TEST_0210,43.262405
TEST_0211,79.792435
TEST_0212,216.6635
TEST_0213,347.8387
TEST_0214,486.60464
TEST_0215,46.699776
TEST_0216,537.91113
TEST_0217,103.52009
TEST_0218,42.90731
TEST_0219,476.09238
TEST_0220,644.5266
TEST_0221,680.7243
TEST_0222,102.517105
TEST_0223,79.76912
TEST_0224,135.59512
TEST_0225,169.24323
TEST_0226,169.87926
TEST_0227,187.12285
TEST_0228,31.24083
TEST_0229,517.8562
TEST_0230,59.978985
TEST_0231,464.1629
TEST_0232,94.255615
TEST_0233,217.87866
TEST_0234,196.6599
TEST_0235,87.69602
TEST_0236,52.35559
TEST_0237,96.61394
TEST_0238,183.85327
TEST_0239,84.00881
TEST_0240,37.400837
TEST_0241,32.687695
TEST_0242,949.74347
TEST_0243,186.31061
TEST_0244,454.42365
TEST_0245,174.98383
TEST_0246,77.927376
TEST_0247,54.76239
TEST_0248,203.3117
TEST_0249,71.44618
TEST_0250,49.720024
TEST_0251,334.253
TEST_0252,193.95166
TEST_0253,93.134346
TEST_0254,563.95074
TEST_0255,556.3594
TEST_0256,81.95014
TEST_0257,1233.5015
TEST_0258,106.99368
TEST_0259,290.95
TEST_0260,31.551535
TEST_0261,687.38904
TEST_0262,1009.3355
TEST_0263,101.1717
TEST_0264,96.10029
TEST_0265,69.48513
TEST_0266,761.5161
TEST_0267,410.8011
TEST_0268,27.283855
TEST_0269,559.6412
TEST_0270,305.44855
TEST_0271,97.76145
TEST_0272,40.902626
TEST_0273,127.32898
TEST_0274,134.03575
TEST_0275,55.388813
TEST_0276,199.0127
TEST_0277,249.44722
TEST_0278,67.57043
TEST_0279,371.12915
TEST_0280,59.203255
TEST_0281,66.38773
TEST_0282,212.1924
TEST_0283,74.67881
TEST_0284,93.19064
TEST_0285,32.979084
TEST_0286,331.49426
TEST_0287,27.806902
TEST_0288,81.54554
TEST_0289,102.12697
TEST_0290,495.63376
TEST_0291,47.34151
TEST_0292,165.34576
TEST_0293,221.23225
TEST_0294,43.401196
TEST_0295,253.63168
TEST_0296,21.700468
TEST_0297,71.90596
TEST_0298,1069.8105
TEST_0299,228.83754
TEST_0300,53.920513
TEST_0301,128.63243
TEST_0302,577.93475
TEST_0303,140.55212
TEST_0304,336.5662
TEST_0305,220.74289
TEST_0306,115.75704
TEST_0307,60.039707
TEST_0308,192.1721
TEST_0309,469.7225
TEST_0310,55.55853
TEST_0311,68.51091
TEST_0312,64.4633
TEST_0313,108.11969
TEST_0314,79.89474
TEST_0315,45.225594
TEST_0316,185.39249
TEST_0317,29.624687
TEST_0318,551.35376
TEST_0319,159.40068
TEST_0320,37.68761
TEST_0321,29.164928
TEST_0322,110.39963
TEST_0323,142.08536
TEST_0324,51.095833
TEST_0325,326.20145
TEST_0326,956.2041
TEST_0327,321.03735
TEST_0328,181.0677
TEST_0329,62.80739
TEST_0330,50.92961
TEST_0331,180.46768
TEST_0332,65.570045
TEST_0333,70.76343
TEST_0334,120.87235
TEST_0335,188.01959
TEST_0336,645.3783
TEST_0337,30.465147
TEST_0338,213.64143
TEST_0339,63.919968
TEST_0340,64.28475
TEST_0341,352.1828
TEST_0342,187.93515
TEST_0343,57.023705
TEST_0344,56.999367
TEST_0345,74.54836
TEST_0346,150.2379
TEST_0347,155.99542
TEST_0348,133.45496
TEST_0349,191.89653
TEST_0350,628.45245
TEST_0351,796.3305
TEST_0352,92.50916
TEST_0353,607.16284
TEST_0354,60.369473
TEST_0355,347.83743
TEST_0356,40.84543
TEST_0357,69.93586
TEST_0358,264.4847
TEST_0359,270.32715
TEST_0360,28.759668
TEST_0361,368.5849
TEST_0362,80.30436
TEST_0363,79.373314
TEST_0364,352.72797
TEST_0365,89.419624
TEST_0366,50.882355
TEST_0367,431.65588
TEST_0368,265.1938
TEST_0369,45.63264
TEST_0370,55.791107
TEST_0371,130.0733
TEST_0372,271.20505
TEST_0373,285.8144
TEST_0374,244.22597
TEST_0375,492.2472
TEST_0376,45.251556
TEST_0377,68.6995
TEST_0378,38.893944
TEST_0379,173.46559
TEST_0380,52.5212
TEST_0381,119.06275
TEST_0382,229.88715
TEST_0383,39.052948
TEST_0384,31.409033
TEST_0385,66.72612
TEST_0386,244.41425
TEST_0387,92.23143
TEST_0388,663.17163
TEST_0389,24.179771
TEST_0390,111.3433
TEST_0391,42.89722
TEST_0392,26.635487
TEST_0393,283.55646
TEST_0394,163.41762
TEST_0395,70.19956
TEST_0396,44.361744
TEST_0397,423.08173
TEST_0398,183.86412
TEST_0399,215.71904
TEST_0400,50.554836
TEST_0401,79.61452
TEST_0402,36.87046
TEST_0403,49.77462
TEST_0404,105.63912
TEST_0405,54.791206
TEST_0406,145.93875
TEST_0407,25.069832
TEST_0408,111.197014
TEST_0409,58.690945
TEST_0410,45.17092
TEST_0411,165.75514
TEST_0412,274.85217
TEST_0413,444.80817
TEST_0414,25.398453
TEST_0415,465.9333
TEST_0416,438.38562
TEST_0417,169.00302
TEST_0418,31.91945
TEST_0419,52.97394
TEST_0420,65.362175
TEST_0421,132.73059
TEST_0422,917.5753
TEST_0423,81.93393
TEST_0424,763.95514
TEST_0425,154.52318
TEST_0426,57.383987
TEST_0427,379.72186
TEST_0428,318.96555
TEST_0429,158.18535
TEST_0430,80.870316
TEST_0431,169.32181
TEST_0432,201.82254
TEST_0433,316.89172
TEST_0434,554.6198
TEST_0435,1277.1533
TEST_0436,124.840645
TEST_0437,209.41524
TEST_0438,367.6511
TEST_0439,371.65482
TEST_0440,306.0006
TEST_0441,211.67532
TEST_0442,39.484406
TEST_0443,119.12908
TEST_0444,100.353516
TEST_0445,27.109297
TEST_0446,71.85043
TEST_0447,408.59503
TEST_0448,51.150555
TEST_0449,835.5235
TEST_0450,279.13205
TEST_0451,126.778786
TEST_0452,193.78815
TEST_0453,534.19824
TEST_0454,115.72316
TEST_0455,218.87709
TEST_0456,390.24426
TEST_0457,114.03359
TEST_0458,828.2469
TEST_0459,591.6183
TEST_0460,1436.9336
TEST_0461,449.0523
TEST_0462,28.030058
TEST_0463,206.78223
TEST_0464,801.6848
TEST_0465,27.625015
TEST_0466,339.34174
TEST_0467,492.4591
TEST_0468,126.07759
TEST_0469,1630.8362
TEST_0470,215.46346
TEST_0471,43.006794
TEST_0472,62.641827
TEST_0473,1005.6505
TEST_0474,1564.9612
TEST_0475,380.6945
TEST_0476,230.27145
TEST_0477,494.58228
TEST_0478,382.9154
TEST_0479,940.8678
TEST_0480,682.3585
TEST_0481,87.98049
TEST_0482,74.13882
TEST_0483,202.85718
TEST_0484,418.49466
TEST_0485,104.85372
TEST_0486,765.8635
TEST_0487,42.63718
TEST_0488,25.727587
TEST_0489,77.108765
TEST_0490,36.37102
TEST_0491,34.65018
TEST_0492,61.559734
TEST_0493,58.62768
TEST_0494,310.48947
TEST_0495,58.852093
TEST_0496,29.528004
TEST_0497,73.96896
TEST_0498,665.65125
TEST_0499,55.01625
TEST_0500,249.10545
TEST_0501,342.94095
TEST_0502,408.703
TEST_0503,64.03521
TEST_0504,176.4141
TEST_0505,196.32132
TEST_0506,114.73563
TEST_0507,38.48296
TEST_0508,950.24
TEST_0509,330.87692
TEST_0510,218.59103
TEST_0511,30.582788
TEST_0512,173.10223
TEST_0513,181.84338
TEST_0514,75.17053
TEST_0515,54.109097
TEST_0516,72.67965
TEST_0517,45.707336
TEST_0518,55.254227
TEST_0519,36.2732
TEST_0520,834.55804
TEST_0521,215.24278
TEST_0522,160.85814
TEST_0523,305.29437
TEST_0524,481.97958
TEST_0525,218.70305
TEST_0526,162.21175
TEST_0527,39.003815
TEST_0528,193.32486
TEST_0529,51.6038
TEST_0530,161.1016
TEST_0531,579.5041
TEST_0532,119.82828
TEST_0533,259.5825
TEST_0534,549.9814
TEST_0535,218.28151
TEST_0536,239.40167
TEST_0537,29.945183
TEST_0538,59.68308
TEST_0539,180.43027
TEST_0540,492.48895
TEST_0541,876.9575
TEST_0542,56.242363
TEST_0543,83.97889
TEST_0544,1636.2471
TEST_0545,63.505413
TEST_0546,793.6942
TEST_0547,39.18955
TEST_0548,1120.3392
TEST_0549,151.67181
TEST_0550,70.52959
TEST_0551,313.30032
TEST_0552,40.89487
TEST_0553,525.62775
TEST_0554,802.0552
TEST_0555,65.81263
TEST_0556,423.89667
TEST_0557,377.5069
TEST_0558,30.834389
TEST_0559,69.62036
TEST_0560,70.95773
TEST_0561,334.2246
TEST_0562,246.24182
TEST_0563,384.01883
TEST_0564,30.78459
TEST_0565,72.93982
TEST_0566,455.7644
TEST_0567,392.8876
TEST_0568,30.09802
TEST_0569,965.09235
TEST_0570,1052.582
TEST_0571,179.75288
TEST_0572,75.58787
TEST_0573,802.59534
TEST_0574,159.49084
TEST_0575,798.82416
TEST_0576,568.47516
TEST_0577,45.713646
TEST_0578,51.32825
TEST_0579,532.7772
TEST_0580,47.898624
TEST_0581,59.56111
TEST_0582,34.56991
TEST_0583,71.5695
TEST_0584,173.94772
TEST_0585,78.66302
TEST_0586,88.29115
TEST_0587,233.25401
TEST_0588,189.00455
TEST_0589,408.1519
TEST_0590,437.3219
TEST_0591,126.05182
TEST_0592,55.53637
TEST_0593,105.944016
TEST_0594,54.345463
TEST_0595,156.56305
TEST_0596,113.39621
TEST_0597,176.01648
TEST_0598,68.67371
TEST_0599,135.4122
TEST_0600,73.57456
TEST_0601,485.4202
TEST_0602,102.68986
TEST_0603,64.870926
TEST_0604,466.55377
TEST_0605,51.07625
TEST_0606,1275.2141
TEST_0607,770.79724
TEST_0608,400.1542
TEST_0609,420.0784
TEST_0610,44.32694
TEST_0611,51.888313
TEST_0612,44.714638
TEST_0613,85.03562
TEST_0614,201.34259
TEST_0615,46.058994
TEST_0616,62.66489
TEST_0617,62.12026
TEST_0618,290.12177
TEST_0619,59.012794
TEST_0620,58.188805
TEST_0621,115.20869
TEST_0622,341.9086
TEST_0623,192.93105
TEST_0624,298.50195
TEST_0625,44.51352
TEST_0626,413.76547
TEST_0627,301.93802
TEST_0628,383.95905
TEST_0629,479.32166
TEST_0630,186.98856
TEST_0631,279.34058
TEST_0632,128.0551
TEST_0633,26.033024
TEST_0634,41.59387
TEST_0635,152.629
TEST_0636,166.01865
TEST_0637,43.68234
TEST_0638,98.522255
TEST_0639,371.2819
TEST_0640,154.69516
TEST_0641,127.95344
TEST_0642,352.95605
TEST_0643,1472.4321
TEST_0644,92.09832
TEST_0645,61.86924
TEST_0646,38.565987
TEST_0647,58.009773
TEST_0648,98.07183
TEST_0649,497.415
TEST_0650,1321.8236
TEST_0651,144.15599
TEST_0652,217.86346
TEST_0653,259.2606
TEST_0654,568.3854
TEST_0655,436.63858
TEST_0656,574.54376
TEST_0657,34.974953
TEST_0658,41.864697
TEST_0659,501.98584
TEST_0660,453.71814
TEST_0661,98.98442
TEST_0662,1804.7782
TEST_0663,86.882095
TEST_0664,396.07373
TEST_0665,122.02547
TEST_0666,60.402924
TEST_0667,79.852196
TEST_0668,363.5598
TEST_0669,675.68286
TEST_0670,407.81396
TEST_0671,234.69435
TEST_0672,162.22192
TEST_0673,261.89368
TEST_0674,1113.6418
TEST_0675,379.7102
TEST_0676,41.33905
TEST_0677,91.79037
TEST_0678,177.88239
TEST_0679,65.24836
TEST_0680,1001.31415
TEST_0681,297.26456
TEST_0682,243.8901
TEST_0683,508.65146
TEST_0684,45.400314
TEST_0685,290.39438
TEST_0686,68.403114
TEST_0687,79.455536
TEST_0688,79.68654
TEST_0689,76.656044
TEST_0690,34.972393
TEST_0691,61.826477
TEST_0692,1092.0878
TEST_0693,98.42228
TEST_0694,102.3731
TEST_0695,64.90069
TEST_0696,250.64714
TEST_0697,243.31277
TEST_0698,217.5877
TEST_0699,282.07446
TEST_0700,135.02382
TEST_0701,80.09341
TEST_0702,32.946114
TEST_0703,23.56099
TEST_0704,59.12075
TEST_0705,123.171
TEST_0706,54.157463
TEST_0707,330.95078
TEST_0708,280.1388
TEST_0709,98.3888
TEST_0710,157.32687
TEST_0711,1048.2542
TEST_0712,178.1841
TEST_0713,860.79584
TEST_0714,258.17746
TEST_0715,63.413303
TEST_0716,43.537056
TEST_0717,39.45416
TEST_0718,212.95465
TEST_0719,1604.9438
TEST_0720,114.68416
TEST_0721,177.3596
TEST_0722,84.15508
TEST_0723,62.091343
TEST_0724,238.6072
TEST_0725,134.30283
TEST_0726,620.3375
TEST_0727,1090.0741
TEST_0728,37.550346
TEST_0729,73.05988
TEST_0730,138.68274
TEST_0731,397.03833
TEST_0732,611.5621
TEST_0733,39.834343
TEST_0734,570.8302
TEST_0735,139.87352
TEST_0736,370.99542
TEST_0737,440.577
TEST_0738,1576.5624
TEST_0739,436.22415
TEST_0740,513.8207
TEST_0741,63.722813
TEST_0742,29.533699
TEST_0743,68.639015
TEST_0744,173.5308
TEST_0745,369.31912
TEST_0746,23.640228
TEST_0747,730.14923
TEST_0748,190.2485
TEST_0749,204.71442
TEST_0750,178.68451
TEST_0751,173.87984
TEST_0752,739.4957
TEST_0753,63.00361
TEST_0754,38.265972
TEST_0755,381.0616
TEST_0756,549.20465
TEST_0757,321.94534
TEST_0758,118.77458
TEST_0759,50.66696
TEST_0760,360.09897
TEST_0761,25.5985
TEST_0762,387.6156
TEST_0763,167.8381
TEST_0764,978.99634
TEST_0765,241.16397
TEST_0766,993.4885
TEST_0767,238.94525
TEST_0768,117.948685
TEST_0769,109.604294
TEST_0770,178.7086
TEST_0771,30.15264
TEST_0772,88.644356
TEST_0773,125.446846
TEST_0774,225.88377
TEST_0775,119.16014
TEST_0776,543.3187
TEST_0777,209.09474
TEST_0778,488.4984
TEST_0779,140.60349
TEST_0780,34.049187
TEST_0781,136.80382
TEST_0782,156.81886
TEST_0783,516.57166
TEST_0784,173.53922
TEST_0785,48.916958
TEST_0786,49.337345
TEST_0787,40.80625
TEST_0788,120.98779
TEST_0789,300.19608
TEST_0790,190.99323
TEST_0791,153.24734
TEST_0792,939.71655
TEST_0793,55.94619
TEST_0794,168.89366
TEST_0795,213.01782
TEST_0796,39.815365
TEST_0797,69.73189
TEST_0798,20.84744
TEST_0799,161.70432
TEST_0800,50.428005
TEST_0801,89.004074
TEST_0802,314.10135
TEST_0803,42.08874
TEST_0804,382.13815
TEST_0805,45.425743
TEST_0806,55.084354
TEST_0807,751.90015
TEST_0808,1655.758
TEST_0809,31.832819
TEST_0810,114.76473
TEST_0811,29.36802
TEST_0812,97.7603
TEST_0813,135.32607
TEST_0814,66.080765
TEST_0815,48.008633
TEST_0816,322.97656
TEST_0817,79.8741
TEST_0818,91.220024
TEST_0819,42.35738
TEST_0820,651.8255
TEST_0821,27.798706
TEST_0822,125.32922
TEST_0823,22.55387
TEST_0824,42.24406
TEST_0825,44.370888
TEST_0826,494.0188
TEST_0827,83.66955
TEST_0828,54.619537
TEST_0829,467.21393
TEST_0830,672.42334
TEST_0831,157.63376
TEST_0832,57.338585
TEST_0833,217.29253
TEST_0834,33.56632
TEST_0835,323.42862
TEST_0836,468.48822
TEST_0837,24.793655
TEST_0838,28.152697
TEST_0839,113.77771
TEST_0840,48.897934
TEST_0841,176.9788
TEST_0842,78.69196
TEST_0843,375.4255
TEST_0844,31.475769
TEST_0845,102.45145
TEST_0846,843.55896
TEST_0847,187.5963
TEST_0848,107.437355
TEST_0849,42.98903
TEST_0850,44.7182
TEST_0851,32.778065
TEST_0852,58.17566
TEST_0853,292.34442
TEST_0854,174.53268
TEST_0855,393.43143
TEST_0856,29.406876
TEST_0857,382.97574
TEST_0858,895.5678
TEST_0859,56.250526
TEST_0860,120.055336
TEST_0861,167.18999
TEST_0862,277.2824
TEST_0863,46.393353
TEST_0864,805.2727
TEST_0865,91.47272
TEST_0866,148.05887
TEST_0867,53.36273
TEST_0868,68.05846
TEST_0869,368.55057
TEST_0870,43.681717
TEST_0871,418.27032
TEST_0872,217.35582
TEST_0873,40.44997
TEST_0874,464.73718
TEST_0875,193.95738
TEST_0876,357.63702
TEST_0877,625.67676
TEST_0878,47.83894
TEST_0879,484.3833
TEST_0880,292.81146
TEST_0881,57.73993
TEST_0882,482.50153
TEST_0883,310.41437
TEST_0884,129.96867
TEST_0885,33.515797
TEST_0886,77.59774
TEST_0887,178.19539
TEST_0888,44.49345
TEST_0889,32.126316
TEST_0890,48.432205
TEST_0891,279.05496
TEST_0892,1752.0856
TEST_0893,18.83582
TEST_0894,36.89372
TEST_0895,120.34087
TEST_0896,115.98495
TEST_0897,228.5792
TEST_0898,39.8561
TEST_0899,431.61166
TEST_0900,72.65792
TEST_0901,206.25792
TEST_0902,52.315544
TEST_0903,324.98505
TEST_0904,174.1522
TEST_0905,31.817553
TEST_0906,479.3578
TEST_0907,333.54166
TEST_0908,536.73364
TEST_0909,113.07189
TEST_0910,689.8538
TEST_0911,70.582344
TEST_0912,986.2219
TEST_0913,88.23074
TEST_0914,106.00989
TEST_0915,87.71315
TEST_0916,96.21164
TEST_0917,113.10093
TEST_0918,747.8566
TEST_0919,345.77533
TEST_0920,143.95076
TEST_0921,78.304825
TEST_0922,261.28717
TEST_0923,415.6226
TEST_0924,106.13279
TEST_0925,1441.3958
TEST_0926,104.409805
TEST_0927,265.77054
TEST_0928,968.5028
TEST_0929,196.50247
TEST_0930,402.62662
TEST_0931,52.526253
TEST_0932,31.148174
TEST_0933,33.203484
TEST_0934,48.427685
TEST_0935,18.762505
TEST_0936,59.198555
TEST_0937,337.42874
TEST_0938,37.190685
TEST_0939,67.65822
TEST_0940,516.21185
TEST_0941,40.402107
TEST_0942,30.112432
TEST_0943,2664.798
TEST_0944,83.94025
TEST_0945,75.89206
TEST_0946,28.266752
TEST_0947,65.69023
TEST_0948,578.5996
TEST_0949,235.82936
TEST_0950,136.49344
TEST_0951,65.1588
TEST_0952,321.99197
TEST_0953,265.71448
TEST_0954,587.3451
TEST_0955,78.43871
TEST_0956,419.29846
TEST_0957,567.04126
TEST_0958,50.890747
TEST_0959,157.04973
TEST_0960,1207.285
TEST_0961,514.3775
TEST_0962,68.418076
TEST_0963,991.4413
TEST_0964,133.8606
TEST_0965,613.97205
TEST_0966,310.86676
TEST_0967,1424.6781
TEST_0968,192.70114
TEST_0969,35.873413
TEST_0970,45.914665
TEST_0971,519.71075
TEST_0972,187.54822
TEST_0973,96.770874
TEST_0974,512.5819
TEST_0975,219.31857
TEST_0976,510.52444
TEST_0977,503.7565
TEST_0978,86.369
TEST_0979,89.36335
TEST_0980,661.9715
TEST_0981,420.97763
TEST_0982,70.640945
TEST_0983,254.97324
TEST_0984,141.35551
TEST_0985,75.671715
TEST_0986,43.71188
TEST_0987,132.57602
TEST_0988,141.2472
TEST_0989,986.25275
TEST_0990,751.3514
TEST_0991,153.16774
TEST_0992,71.46124
TEST_0993,175.73042
TEST_0994,121.89946
TEST_0995,223.0624
TEST_0996,50.995872
TEST_0997,434.59897
TEST_0998,125.45736
TEST_0999,67.49063
TEST_1000,76.29137
TEST_1001,147.22523
TEST_1002,592.26685
TEST_1003,549.2168
TEST_1004,128.94154
TEST_1005,67.51344
TEST_1006,109.3316
TEST_1007,125.43738
TEST_1008,33.206703
TEST_1009,106.0232
TEST_1010,40.9072
TEST_1011,58.379284
TEST_1012,31.635147
TEST_1013,617.8146
TEST_1014,120.680374
TEST_1015,403.93317
TEST_1016,292.5434
TEST_1017,295.3612
TEST_1018,387.26065
TEST_1019,105.94654
TEST_1020,45.565125
TEST_1021,747.85034
TEST_1022,132.15433
TEST_1023,103.59842
TEST_1024,92.89383
TEST_1025,67.604355
TEST_1026,43.73285
TEST_1027,47.027706
TEST_1028,191.5467
TEST_1029,76.15597
TEST_1030,322.54443
TEST_1031,221.6985
TEST_1032,330.97177
TEST_1033,196.87718
TEST_1034,28.142506
TEST_1035,287.1066
TEST_1036,163.90063
TEST_1037,42.75969
TEST_1038,76.99866
TEST_1039,436.21692
TEST_1040,114.88758
TEST_1041,578.6269
TEST_1042,181.36876
TEST_1043,46.888134
TEST_1044,1059.3453
TEST_1045,81.04587
TEST_1046,138.8896
TEST_1047,461.299
TEST_1048,439.4349
TEST_1049,39.802498
TEST_1050,1307.2283
TEST_1051,135.96973
TEST_1052,344.07693
TEST_1053,55.255394
TEST_1054,69.06085
TEST_1055,42.779003
TEST_1056,44.3389
TEST_1057,132.87799
TEST_1058,130.53616
TEST_1059,33.152225
TEST_1060,664.0788
TEST_1061,300.36603
TEST_1062,191.17403
TEST_1063,2349.7717
TEST_1064,29.717863
TEST_1065,55.2118
TEST_1066,46.53187
TEST_1067,175.90323
TEST_1068,600.4243
TEST_1069,158.77374
TEST_1070,380.82553
TEST_1071,762.455
TEST_1072,51.937767
TEST_1073,303.86966
TEST_1074,72.21323
TEST_1075,1590.0635
TEST_1076,124.656075
TEST_1077,85.944786
TEST_1078,214.20729
TEST_1079,49.681805
TEST_1080,26.722794
TEST_1081,154.94429
TEST_1082,49.985672
TEST_1083,45.202065
TEST_1084,95.8658
TEST_1085,37.60724
TEST_1086,387.69855
TEST_1087,452.24338
TEST_1088,52.732014
TEST_1089,329.74484
TEST_1090,83.33475
TEST_1091,65.21152
TEST_1092,695.0442
TEST_1093,242.0998
TEST_1094,205.87204
TEST_1095,86.42795
TEST_1096,76.37173
TEST_1097,988.49347
TEST_1098,545.18744
TEST_1099,53.023003
TEST_1100,547.8838
TEST_1101,471.42676
TEST_1102,48.618614
TEST_1103,164.12659
TEST_1104,67.61657
TEST_1105,47.202126
TEST_1106,1007.41907
TEST_1107,592.7054
TEST_1108,44.635227
TEST_1109,471.62073
TEST_1110,435.49445
TEST_1111,503.16125
TEST_1112,64.9571
TEST_1113,183.63322
TEST_1114,43.915943
TEST_1115,262.04477
TEST_1116,194.52866
TEST_1117,309.04883
TEST_1118,61.914867
TEST_1119,135.00522
TEST_1120,89.35674
TEST_1121,58.058056
TEST_1122,50.766727
TEST_1123,403.2148
TEST_1124,54.530224
TEST_1125,435.31845
TEST_1126,107.83246
TEST_1127,55.9762
TEST_1128,52.908726
TEST_1129,305.04037
TEST_1130,61.938442
TEST_1131,24.910442
TEST_1132,31.517962
TEST_1133,177.24318
TEST_1134,279.20566
TEST_1135,57.118557
TEST_1136,497.44904
TEST_1137,38.437695
TEST_1138,32.753723
TEST_1139,224.8886
TEST_1140,32.10944
TEST_1141,69.495705
TEST_1142,228.46327
TEST_1143,77.40433
TEST_1144,495.80896
TEST_1145,196.8166
TEST_1146,46.95028
TEST_1147,102.246574
TEST_1148,871.2056
TEST_1149,44.30684
TEST_1150,460.87738
TEST_1151,141.12514
TEST_1152,100.7042
TEST_1153,73.93129
TEST_1154,53.91338
TEST_1155,437.2296
TEST_1156,72.60597
TEST_1157,192.55307
TEST_1158,232.67752
TEST_1159,33.418583
TEST_1160,168.91985
TEST_1161,25.262657
TEST_1162,193.60257
TEST_1163,371.70444
TEST_1164,114.47189
TEST_1165,24.797962
TEST_1166,37.800434
TEST_1167,70.988785
TEST_1168,99.96261
TEST_1169,688.31085
TEST_1170,565.26373
TEST_1171,210.09766
TEST_1172,68.29338
TEST_1173,338.3925
TEST_1174,262.8934
TEST_1175,94.840805
TEST_1176,50.9291
TEST_1177,98.77544
TEST_1178,93.49439
TEST_1179,115.74982
TEST_1180,356.0205
TEST_1181,215.09311
TEST_1182,409.80026
TEST_1183,44.333534
TEST_1184,153.41878
TEST_1185,61.00446
TEST_1186,338.81955
TEST_1187,101.10901
TEST_1188,51.221497
TEST_1189,222.41815
TEST_1190,103.666084
TEST_1191,937.681
TEST_1192,115.55064
TEST_1193,257.47293
TEST_1194,327.0038
TEST_1195,385.4442
TEST_1196,312.97745
TEST_1197,406.84436
TEST_1198,81.672455
TEST_1199,544.1928
TEST_1200,45.0257
TEST_1201,176.73735
TEST_1202,586.63367
TEST_1203,51.60127
TEST_1204,27.15086
TEST_1205,446.57486
TEST_1206,38.060734
TEST_1207,88.04906
TEST_1208,187.37921
TEST_1209,723.334
TEST_1210,89.14633
TEST_1211,209.44696
TEST_1212,318.65668
TEST_1213,82.61412
TEST_1214,279.8052
TEST_1215,770.47516
TEST_1216,113.68179
TEST_1217,222.74097
TEST_1218,212.57571
TEST_1219,187.38168
TEST_1220,70.72589
TEST_1221,145.86646
TEST_1222,135.13463
TEST_1223,209.60005
TEST_1224,77.64871
TEST_1225,92.62074
TEST_1226,248.64941
TEST_1227,90.96484
TEST_1228,120.33862
TEST_1229,167.469
TEST_1230,222.1502
TEST_1231,81.94841
TEST_1232,110.92931
TEST_1233,253.60547
TEST_1234,813.5594
TEST_1235,57.544178
TEST_1236,134.8911
TEST_1237,366.35376
TEST_1238,221.76233
TEST_1239,93.481514
TEST_1240,243.58972
TEST_1241,250.7235
TEST_1242,39.59128
TEST_1243,295.14047
TEST_1244,946.1969
TEST_1245,443.9734
TEST_1246,162.58731
TEST_1247,333.26825
TEST_1248,70.78985
TEST_1249,130.90376
TEST_1250,868.88184
TEST_1251,223.02908
TEST_1252,379.19012
TEST_1253,33.253136
TEST_1254,237.4199
TEST_1255,126.49797
TEST_1256,173.25856
TEST_1257,28.447325
TEST_1258,58.22368
TEST_1259,716.8609
TEST_1260,136.46754
TEST_1261,42.90053
TEST_1262,376.67422
TEST_1263,46.3541
TEST_1264,104.25128
TEST_1265,83.98494
TEST_1266,156.26169
TEST_1267,63.3255
TEST_1268,507.93466
TEST_1269,619.0509
TEST_1270,194.32874
TEST_1271,1420.4592
TEST_1272,141.65477
TEST_1273,140.66374
TEST_1274,43.7163
TEST_1275,96.1569
TEST_1276,68.96917
TEST_1277,29.3505
TEST_1278,251.44904
TEST_1279,324.67493
TEST_1280,66.8563
TEST_1281,37.4038
TEST_1282,98.25614
TEST_1283,328.9008
TEST_1284,112.08724
TEST_1285,1733.8091
TEST_1286,445.79333
TEST_1287,62.527885
TEST_1288,159.6319
TEST_1289,423.54544
TEST_1290,68.53751
TEST_1291,261.36475
TEST_1292,205.35405
TEST_1293,973.0579
TEST_1294,324.6554
TEST_1295,1059.84
TEST_1296,66.18344
TEST_1297,129.36507
TEST_1298,1132.0272
TEST_1299,302.50677
TEST_1300,30.51817
TEST_1301,220.98659
TEST_1302,250.99812
TEST_1303,664.07715
TEST_1304,57.452175
TEST_1305,318.04898
TEST_1306,178.24585
TEST_1307,626.0185
TEST_1308,299.70303
TEST_1309,46.288322
TEST_1310,69.79101
TEST_1311,201.8055
TEST_1312,1611.5465
TEST_1313,268.65933
TEST_1314,327.6332
TEST_1315,378.14038
TEST_1316,126.40839
TEST_1317,45.421097
TEST_1318,148.08347
TEST_1319,63.982716
TEST_1320,142.21994
TEST_1321,100.55228
TEST_1322,506.51703
TEST_1323,89.48058
TEST_1324,24.89435
TEST_1325,32.20842
TEST_1326,158.27371
TEST_1327,460.4396
TEST_1328,68.377075
TEST_1329,506.56036
TEST_1330,121.25072
TEST_1331,127.65381
TEST_1332,424.54126
TEST_1333,27.556236
TEST_1334,263.72244
TEST_1335,304.49283
TEST_1336,608.4159
TEST_1337,25.086721
TEST_1338,35.002193
TEST_1339,154.68893
TEST_1340,374.16562
TEST_1341,190.3573
TEST_1342,613.33673
TEST_1343,50.69954
TEST_1344,33.404865
TEST_1345,71.601715
TEST_1346,179.33604
TEST_1347,290.8472
TEST_1348,191.0319
TEST_1349,327.08215
TEST_1350,110.991516
TEST_1351,40.36405
TEST_1352,109.876945
TEST_1353,60.036743
TEST_1354,57.913445
TEST_1355,314.52158
TEST_1356,491.50836
TEST_1357,26.68464
TEST_1358,763.37244
TEST_1359,450.61838
TEST_1360,762.9125
TEST_1361,225.34052
TEST_1362,118.64103
TEST_1363,30.911127
TEST_1364,61.841183
TEST_1365,765.00385
TEST_1366,556.58075
TEST_1367,274.94208
TEST_1368,340.49805
TEST_1369,655.9353
TEST_1370,38.75575
TEST_1371,779.3621
TEST_1372,56.85614
TEST_1373,25.600225
TEST_1374,804.2108
TEST_1375,30.945833
TEST_1376,32.8653
TEST_1377,45.1193
TEST_1378,72.853516
TEST_1379,55.57809
TEST_1380,72.10723
TEST_1381,34.507713
TEST_1382,92.38291
TEST_1383,431.64127
TEST_1384,119.444244
TEST_1385,28.606949
TEST_1386,1050.0677
TEST_1387,46.07484
TEST_1388,106.79231
TEST_1389,445.5455
TEST_1390,47.81435
TEST_1391,99.58773
TEST_1392,340.2324
TEST_1393,404.9872
TEST_1394,51.98858
TEST_1395,27.338318
TEST_1396,67.109505
TEST_1397,34.06161
TEST_1398,186.03569
TEST_1399,291.86353
TEST_1400,40.61157
TEST_1401,27.279491
TEST_1402,424.87698
TEST_1403,293.8392
TEST_1404,60.461983
TEST_1405,244.6027
TEST_1406,55.98209
TEST_1407,356.93628
TEST_1408,698.96814
TEST_1409,1203.1604
TEST_1410,216.89113
TEST_1411,191.6882
TEST_1412,316.42316
TEST_1413,34.161816
TEST_1414,71.623146
TEST_1415,38.364082
TEST_1416,54.674103
TEST_1417,189.4235
TEST_1418,342.3651
TEST_1419,139.229
TEST_1420,250.45538
TEST_1421,93.80647
TEST_1422,505.1674
TEST_1423,362.5051
TEST_1424,98.35266
TEST_1425,332.28876
TEST_1426,39.970715
TEST_1427,43.66401
TEST_1428,400.49533
TEST_1429,197.01685
TEST_1430,165.9789
TEST_1431,464.80417
TEST_1432,352.60156
TEST_1433,223.16371
TEST_1434,266.608
TEST_1435,68.58235
TEST_1436,49.86758
TEST_1437,430.91238
TEST_1438,234.0747
TEST_1439,451.8584
TEST_1440,72.594055
TEST_1441,73.250626
TEST_1442,71.8319
TEST_1443,86.3232
TEST_1444,994.61633
TEST_1445,87.428474
TEST_1446,41.29185
TEST_1447,73.89103
TEST_1448,122.49543
TEST_1449,697.2788
TEST_1450,322.70697
TEST_1451,524.89056
TEST_1452,332.57336
TEST_1453,56.870586
TEST_1454,99.222885
TEST_1455,210.95598
TEST_1456,82.308014
TEST_1457,266.26147
TEST_1458,95.00398
TEST_1459,82.0282
TEST_1460,114.78315
TEST_1461,347.66162
TEST_1462,1258.0354
TEST_1463,317.90155
TEST_1464,81.13756
TEST_1465,67.61569
TEST_1466,234.84975
TEST_1467,37.030903
TEST_1468,45.812824
TEST_1469,160.15059
TEST_1470,221.95401
TEST_1471,77.63957
TEST_1472,150.44402
TEST_1473,116.88236
TEST_1474,57.551197
TEST_1475,342.49042
TEST_1476,80.71117
TEST_1477,291.66226
TEST_1478,197.62488
TEST_1479,108.16624
TEST_1480,38.06891
TEST_1481,29.247932
TEST_1482,38.39162
TEST_1483,461.971
TEST_1484,68.48868
TEST_1485,266.464
TEST_1486,75.74361
TEST_1487,465.8152
TEST_1488,100.96514
TEST_1489,96.24603
TEST_1490,74.50603
TEST_1491,77.53432
TEST_1492,260.97656
TEST_1493,83.14825
TEST_1494,105.21549
TEST_1495,102.56705
TEST_1496,287.52124
TEST_1497,285.2049
TEST_1498,336.7936
TEST_1499,446.97253
TEST_1500,67.84381
TEST_1501,46.323677
TEST_1502,62.94538
TEST_1503,1004.37195
TEST_1504,241.47256
TEST_1505,45.38614
TEST_1506,1008.17017
TEST_1507,2833.1428
TEST_1508,112.05472
TEST_1509,86.857056
TEST_1510,39.051495
TEST_1511,71.018654
TEST_1512,89.418785
TEST_1513,49.422752
TEST_1514,63.21163
TEST_1515,512.0403
TEST_1516,84.84202
TEST_1517,61.623516
TEST_1518,76.24084
TEST_1519,101.982376
TEST_1520,541.55133
TEST_1521,415.2645
TEST_1522,369.3123
TEST_1523,50.7742
TEST_1524,1822.077
TEST_1525,136.77763
TEST_1526,400.65237
TEST_1527,188.19644
TEST_1528,328.86353
TEST_1529,64.89476
TEST_1530,59.77365
TEST_1531,69.06942
TEST_1532,64.83387
TEST_1533,128.50632
TEST_1534,63.570084
TEST_1535,192.07422
TEST_1536,63.09451
TEST_1537,25.116386
TEST_1538,39.132523
TEST_1539,108.81024
TEST_1540,690.4767
TEST_1541,208.96626
TEST_1542,80.96082
TEST_1543,42.18289
TEST_1544,76.99179
TEST_1545,117.69609
TEST_1546,495.96646
TEST_1547,50.24009
TEST_1548,732.5326
TEST_1549,44.46513
TEST_1550,33.319267
TEST_1551,350.23328
TEST_1552,473.94843
TEST_1553,45.234486
TEST_1554,461.43384
TEST_1555,187.72366
TEST_1556,29.70956
TEST_1557,42.064747
TEST_1558,323.60483
TEST_1559,107.277855
TEST_1560,457.95718
TEST_1561,305.05847
TEST_1562,133.3596
TEST_1563,60.11337
TEST_1564,46.354366
TEST_1565,531.715
TEST_1566,698.41095
TEST_1567,123.45738
TEST_1568,48.240585
TEST_1569,160.40924
TEST_1570,180.3065
TEST_1571,34.12263
TEST_1572,23.375288
TEST_1573,55.446857
TEST_1574,601.4217
TEST_1575,45.92581
TEST_1576,26.68185
TEST_1577,629.32947
TEST_1578,269.85474
TEST_1579,72.1534
TEST_1580,751.2343
TEST_1581,84.99403
TEST_1582,71.3395
TEST_1583,346.00388
TEST_1584,76.8336
TEST_1585,52.107117
TEST_1586,48.97537
TEST_1587,211.05798
TEST_1588,30.557953
TEST_1589,376.36093
TEST_1590,313.144
TEST_1591,58.48828
TEST_1592,67.40448
TEST_1593,566.2473
TEST_1594,367.44196
TEST_1595,420.15155
TEST_1596,679.49506
TEST_1597,118.26821
TEST_1598,49.004982
TEST_1599,73.60057
TEST_1600,99.64552
TEST_1601,194.19095
TEST_1602,658.6337
TEST_1603,297.78244
TEST_1604,716.68665
TEST_1605,56.764282
TEST_1606,481.2679
TEST_1607,99.76926
TEST_1608,62.668922
TEST_1609,148.80222
TEST_1610,44.277676
TEST_1611,150.03728
TEST_1612,151.07861
TEST_1613,40.329098
TEST_1614,944.53394
TEST_1615,149.82275
TEST_1616,521.3551
TEST_1617,293.86752
TEST_1618,94.8881
TEST_1619,182.83739
TEST_1620,48.591446
TEST_1621,71.16096
TEST_1622,471.642
TEST_1623,67.45926
TEST_1624,484.49948
TEST_1625,45.45061
TEST_1626,255.13249
TEST_1627,98.507576
TEST_1628,112.63822
TEST_1629,581.4088
TEST_1630,936.6072
TEST_1631,37.633625
TEST_1632,336.0588
TEST_1633,79.80845
TEST_1634,147.6845
TEST_1635,534.2523
TEST_1636,89.55402
TEST_1637,294.73218
TEST_1638,69.68895
TEST_1639,216.7048
TEST_1640,77.47912
TEST_1641,385.73514
TEST_1642,118.692696
TEST_1643,60.257786
TEST_1644,176.04564
TEST_1645,92.138374
TEST_1646,47.973644
TEST_1647,259.24405
TEST_1648,345.0478
TEST_1649,177.15111
TEST_1650,25.900105
TEST_1651,67.39983
TEST_1652,90.72771
TEST_1653,264.9418
TEST_1654,69.00073
TEST_1655,42.622368
TEST_1656,77.47948
TEST_1657,34.482727
TEST_1658,481.0863
TEST_1659,304.49713
TEST_1660,260.5282
TEST_1661,105.897644
TEST_1662,187.76973
TEST_1663,39.529194
TEST_1664,209.98517
TEST_1665,117.33568
TEST_1666,221.84607
TEST_1667,108.07077
TEST_1668,1437.2542
TEST_1669,402.93063
TEST_1670,331.19995
TEST_1671,117.91267
TEST_1672,62.796432
TEST_1673,194.19807
TEST_1674,37.099937
TEST_1675,205.14058
TEST_1676,504.75467
TEST_1677,42.681442
TEST_1678,34.34202
TEST_1679,104.37113
TEST_1680,98.32568
TEST_1681,73.04481
TEST_1682,630.54877
TEST_1683,335.3476
TEST_1684,70.66547
TEST_1685,75.62633
TEST_1686,29.478647
TEST_1687,36.543877
TEST_1688,217.979
TEST_1689,145.8449
TEST_1690,44.915215
TEST_1691,54.47719
TEST_1692,53.55626
TEST_1693,42.59068
TEST_1694,713.5959
TEST_1695,115.10852
TEST_1696,633.093
TEST_1697,60.82252
TEST_1698,180.24152
TEST_1699,72.91428
TEST_1700,791.5563
TEST_1701,67.09071
TEST_1702,158.4132
TEST_1703,92.10302
TEST_1704,456.62387
TEST_1705,33.391083
TEST_1706,41.82965
TEST_1707,275.44974
TEST_1708,835.2499
TEST_1709,28.317093
TEST_1710,420.91516
TEST_1711,139.38902
TEST_1712,131.29738
TEST_1713,328.39087
TEST_1714,72.633194
TEST_1715,324.30695
TEST_1716,166.693
TEST_1717,642.2493
TEST_1718,71.47928
TEST_1719,290.06598
TEST_1720,225.36427
TEST_1721,44.12893
TEST_1722,87.16467
TEST_1723,700.28394
TEST_1724,54.21173
TEST_1725,25.563612
TEST_1726,790.0701
TEST_1727,62.910133
TEST_1728,173.2212
TEST_1729,39.622696
TEST_1730,506.71933
TEST_1731,3165.2415
TEST_1732,67.26564
TEST_1733,85.37591
TEST_1734,1021.04407
TEST_1735,123.1443
TEST_1736,32.637676
TEST_1737,434.43985
TEST_1738,837.0711
TEST_1739,48.422695
TEST_1740,618.63556
TEST_1741,46.098663
TEST_1742,203.37267
TEST_1743,32.74742
TEST_1744,131.32664
TEST_1745,46.901665
TEST_1746,57.674397
TEST_1747,43.368996
TEST_1748,164.66862
TEST_1749,359.4627
TEST_1750,44.119625
TEST_1751,518.2119
TEST_1752,89.5977
TEST_1753,646.29224
TEST_1754,26.305454
TEST_1755,335.2527
TEST_1756,107.49637
TEST_1757,26.87691
TEST_1758,134.46693
TEST_1759,84.492966
TEST_1760,144.22862
TEST_1761,23.1734
TEST_1762,190.9723
TEST_1763,34.1368
TEST_1764,565.45776
TEST_1765,31.789782
TEST_1766,64.801926
TEST_1767,305.21887
TEST_1768,204.35991
TEST_1769,95.94136
TEST_1770,68.04118
TEST_1771,43.420845
TEST_1772,615.4017
TEST_1773,63.821903
TEST_1774,144.89012
TEST_1775,47.86215
TEST_1776,23.530788
TEST_1777,113.5452
TEST_1778,195.96628
TEST_1779,61.563984
TEST_1780,368.69858
TEST_1781,136.20038
TEST_1782,279.90457
TEST_1783,259.6842
TEST_1784,62.32435
TEST_1785,1643.6405
TEST_1786,83.229706
TEST_1787,119.441925
TEST_1788,42.38384
TEST_1789,59.927353
TEST_1790,307.35107
TEST_1791,49.870213
TEST_1792,72.17427
TEST_1793,100.51042
TEST_1794,69.28814
TEST_1795,377.6139
TEST_1796,85.53828
TEST_1797,40.706432
TEST_1798,233.61813
TEST_1799,34.733402
TEST_1800,155.85732
TEST_1801,532.25104
TEST_1802,1616.7595
TEST_1803,73.76677
TEST_1804,268.9702
TEST_1805,129.87988
TEST_1806,72.44055
TEST_1807,323.5542
TEST_1808,79.61462
TEST_1809,87.376854
TEST_1810,558.5222
TEST_1811,85.277534
TEST_1812,372.29538
TEST_1813,79.54335
TEST_1814,3754.1855
TEST_1815,154.0979
TEST_1816,73.07672
TEST_1817,361.42966
TEST_1818,139.57362
TEST_1819,334.05392
TEST_1820,102.29836
TEST_1821,640.7631
TEST_1822,119.45676
TEST_1823,42.56364
TEST_1824,76.31671
TEST_1825,43.593845
TEST_1826,205.49654
TEST_1827,1724.4893
TEST_1828,375.83176
TEST_1829,30.56638
TEST_1830,526.9294
TEST_1831,36.03188
TEST_1832,755.3737
TEST_1833,120.66565
TEST_1834,23.242813
TEST_1835,505.27673
TEST_1836,66.60539
TEST_1837,66.61323
TEST_1838,201.27083
TEST_1839,1150.7834
TEST_1840,450.2785
TEST_1841,438.89166
TEST_1842,589.85205
TEST_1843,269.69153
TEST_1844,29.817537
TEST_1845,45.089138
TEST_1846,121.42184
TEST_1847,644.33484
TEST_1848,220.84572
TEST_1849,50.264793
TEST_1850,27.104849
TEST_1851,178.90349
TEST_1852,300.04208
TEST_1853,128.28647
TEST_1854,567.54846
TEST_1855,447.82153
TEST_1856,41.51406
TEST_1857,76.99423
TEST_1858,68.926025
TEST_1859,108.51845
TEST_1860,81.79873
TEST_1861,367.24615
TEST_1862,523.0159
TEST_1863,78.44145
TEST_1864,86.38672
TEST_1865,127.22977
TEST_1866,30.480934
TEST_1867,325.47522
TEST_1868,531.9287
TEST_1869,58.113148
TEST_1870,474.849
TEST_1871,218.50092
TEST_1872,64.81286
TEST_1873,31.16973
TEST_1874,87.85787
TEST_1875,144.89906
TEST_1876,27.638966
TEST_1877,97.9754
TEST_1878,211.91855
TEST_1879,40.602264
TEST_1880,98.1463
TEST_1881,1088.8738
TEST_1882,238.76915
TEST_1883,67.354935
TEST_1884,124.5248
TEST_1885,206.70245
TEST_1886,41.471066
TEST_1887,17.368893
TEST_1888,144.17119
TEST_1889,119.33949
TEST_1890,1257.7539
TEST_1891,388.15323
TEST_1892,52.266014
TEST_1893,85.715126
TEST_1894,189.41125
TEST_1895,462.48154
TEST_1896,293.63403
TEST_1897,58.415455
TEST_1898,197.50562
TEST_1899,89.66472
TEST_1900,144.41193
TEST_1901,149.58008
TEST_1902,737.2288
TEST_1903,348.43863
TEST_1904,409.52182
TEST_1905,147.63034
TEST_1906,44.36276
TEST_1907,254.0202
TEST_1908,80.202934
TEST_1909,90.849495
TEST_1910,209.024
TEST_1911,51.628178
TEST_1912,78.39826
TEST_1913,277.6191
TEST_1914,218.69638
TEST_1915,132.16743
TEST_1916,93.60351
TEST_1917,30.803196
TEST_1918,195.79465
TEST_1919,113.329926
TEST_1920,133.49915
TEST_1921,136.0826
TEST_1922,442.14127
TEST_1923,61.842644
TEST_1924,266.29242
TEST_1925,36.639965
TEST_1926,182.13405
TEST_1927,57.434795
TEST_1928,144.21979
TEST_1929,32.50916
TEST_1930,415.04694
TEST_1931,89.58125
TEST_1932,503.93896
TEST_1933,223.28256
TEST_1934,223.61143
TEST_1935,264.76147
TEST_1936,430.0995
TEST_1937,252.84204
TEST_1938,303.48428
TEST_1939,281.3602
TEST_1940,68.04446
TEST_1941,102.5898
TEST_1942,63.98386
TEST_1943,61.147923
TEST_1944,801.8474
TEST_1945,241.74245
TEST_1946,55.188892
TEST_1947,44.236855
TEST_1948,383.57126
TEST_1949,150.65823
TEST_1950,396.7426
TEST_1951,63.477867
TEST_1952,53.58418
TEST_1953,115.62596
TEST_1954,99.76788
TEST_1955,174.82697
TEST_1956,422.10797
TEST_1957,59.952133
TEST_1958,812.121
TEST_1959,80.75727
TEST_1960,55.235043
TEST_1961,971.1897
TEST_1962,70.29138
TEST_1963,191.23175
TEST_1964,45.172916
TEST_1965,73.18709
TEST_1966,29.542854
TEST_1967,407.74817
TEST_1968,213.02959
TEST_1969,46.683285
TEST_1970,107.92909
TEST_1971,46.991405
TEST_1972,87.056694
TEST_1973,139.33208
TEST_1974,42.206364
TEST_1975,119.738754
TEST_1976,821.4041
TEST_1977,296.74326
TEST_1978,133.37337
TEST_1979,100.37225
TEST_1980,82.21017
TEST_1981,34.72903
TEST_1982,58.296875
TEST_1983,189.79968
TEST_1984,218.29529
TEST_1985,28.60529
TEST_1986,118.96662
TEST_1987,91.86163
TEST_1988,131.2898
TEST_1989,97.86766
TEST_1990,260.67188
TEST_1991,605.33203
TEST_1992,779.42896
TEST_1993,73.623024
TEST_1994,85.61179
TEST_1995,63.899384
TEST_1996,401.48218
TEST_1997,46.92075
TEST_1998,151.41132
TEST_1999,82.57618
TEST_2000,74.2933
TEST_2001,134.68309
TEST_2002,588.0816
TEST_2003,26.645182
TEST_2004,37.443913
TEST_2005,281.9602
TEST_2006,62.091293
TEST_2007,487.8085
TEST_2008,807.45886
TEST_2009,226.0994
TEST_2010,50.970478
TEST_2011,193.84004
TEST_2012,578.4796
TEST_2013,245.73428
TEST_2014,213.00401
TEST_2015,125.124504
TEST_2016,397.5576
TEST_2017,409.34845
TEST_2018,42.494194
TEST_2019,466.0789
TEST_2020,78.2834
TEST_2021,57.375225
TEST_2022,42.613125
TEST_2023,38.127018
TEST_2024,626.1454
TEST_2025,312.8469
TEST_2026,87.08652
TEST_2027,187.00261
TEST_2028,90.98867
TEST_2029,365.96884
TEST_2030,190.20026
TEST_2031,74.24532
TEST_2032,47.08392
TEST_2033,45.300526
TEST_2034,167.2851
TEST_2035,185.53383
TEST_2036,274.15668
TEST_2037,95.19583
TEST_2038,38.699833
TEST_2039,474.29483
TEST_2040,164.80272
TEST_2041,23.47258
TEST_2042,369.3451
TEST_2043,149.21803
TEST_2044,123.74034
TEST_2045,965.239
TEST_2046,68.60121
TEST_2047,37.47983
TEST_2048,57.7142
TEST_2049,105.92992
TEST_2050,41.236656
TEST_2051,44.525818
TEST_2052,231.64767
TEST_2053,45.871918
TEST_2054,85.6852
TEST_2055,308.71164
TEST_2056,59.793514
TEST_2057,319.89597
TEST_2058,150.70282
TEST_2059,143.71738
TEST_2060,320.66638
TEST_2061,121.60671
TEST_2062,604.7702
TEST_2063,372.33258
TEST_2064,783.818
TEST_2065,811.1564
TEST_2066,145.10175
TEST_2067,62.645485
TEST_2068,99.058334
TEST_2069,41.369972
TEST_2070,163.76173
TEST_2071,150.8667
TEST_2072,332.01837
TEST_2073,244.55142
TEST_2074,117.266525
TEST_2075,138.52563
TEST_2076,103.146225
TEST_2077,115.89359
TEST_2078,53.900894
TEST_2079,722.892
TEST_2080,371.34186
TEST_2081,35.74689
TEST_2082,93.47185
TEST_2083,61.638836
TEST_2084,154.98322
TEST_2085,34.021347
TEST_2086,211.8573
TEST_2087,183.99493
TEST_2088,81.02176
TEST_2089,580.9637
TEST_2090,1030.4662
TEST_2091,39.776825
TEST_2092,922.4518
TEST_2093,678.0497
TEST_2094,87.07716
TEST_2095,40.08975
TEST_2096,171.50938
TEST_2097,319.12198
TEST_2098,50.21682
TEST_2099,147.21771
TEST_2100,133.71048
TEST_2101,977.8699
TEST_2102,262.22202
TEST_2103,44.761883
TEST_2104,110.489685
TEST_2105,46.88218
TEST_2106,43.478325
TEST_2107,34.28093
TEST_2108,801.13306
TEST_2109,252.86528
TEST_2110,531.3912
TEST_2111,533.3613
TEST_2112,42.332115
TEST_2113,48.01548
TEST_2114,89.21568
TEST_2115,50.24719
TEST_2116,24.513702
TEST_2117,60.151417
TEST_2118,57.87911
TEST_2119,278.15793
TEST_2120,42.03779
TEST_2121,94.60559
TEST_2122,78.561066
TEST_2123,62.410072
TEST_2124,236.39418
TEST_2125,55.204834
TEST_2126,181.82292
TEST_2127,85.05023
TEST_2128,185.16933
TEST_2129,33.580067
TEST_2130,77.78788
TEST_2131,394.34085
TEST_2132,88.203156
TEST_2133,186.0358
TEST_2134,53.23655
TEST_2135,55.350273
TEST_2136,85.72559
TEST_2137,105.81544
TEST_2138,1485.846
TEST_2139,241.17929
TEST_2140,288.35544
TEST_2141,1408.7622
TEST_2142,211.71722
TEST_2143,110.20858
TEST_2144,55.58803
TEST_2145,356.09152
TEST_2146,221.37715
TEST_2147,322.5614
TEST_2148,53.599377
TEST_2149,1398.2675
TEST_2150,61.610596
TEST_2151,82.024826
TEST_2152,31.836754
TEST_2153,97.97764
TEST_2154,56.18646
TEST_2155,61.14103
TEST_2156,22.266827
TEST_2157,215.755
TEST_2158,31.604582
TEST_2159,1420.0979
TEST_2160,385.4909
TEST_2161,91.520035
TEST_2162,117.56045
TEST_2163,125.84389
TEST_2164,316.78674
TEST_2165,80.28101
TEST_2166,67.81118
TEST_2167,97.13241
TEST_2168,497.97507
TEST_2169,35.479248
TEST_2170,241.69746
TEST_2171,385.5987
TEST_2172,61.88202
TEST_2173,37.679607
TEST_2174,217.94441
TEST_2175,32.556015
TEST_2176,350.4969
TEST_2177,48.42962
TEST_2178,61.21194
TEST_2179,1258.0356
TEST_2180,45.154884
TEST_2181,292.4707
TEST_2182,94.99506
TEST_2183,410.41235
TEST_2184,31.863255
TEST_2185,414.61893
TEST_2186,93.88853
TEST_2187,111.89998
TEST_2188,557.82825
TEST_2189,74.16882
TEST_2190,67.983795
TEST_2191,65.07033
TEST_2192,153.91379
TEST_2193,206.1085
TEST_2194,82.070915
TEST_2195,844.69904
TEST_2196,119.859764
TEST_2197,42.912098
TEST_2198,78.90418
TEST_2199,58.468815
TEST_2200,34.464626
TEST_2201,117.660416
TEST_2202,40.80168
TEST_2203,2409.4421
TEST_2204,439.46753
TEST_2205,101.374596
TEST_2206,104.27495
TEST_2207,65.17147
TEST_2208,205.18257
TEST_2209,221.61473
TEST_2210,111.40065
TEST_2211,427.26678
TEST_2212,205.91396
TEST_2213,195.35492
TEST_2214,35.814617
TEST_2215,60.8773
TEST_2216,56.406937
TEST_2217,294.67422
TEST_2218,175.89525
TEST_2219,41.144608
TEST_2220,45.07993
TEST_2221,284.40942
TEST_2222,26.449615
TEST_2223,206.48468
TEST_2224,32.028393
TEST_2225,137.67764
TEST_2226,650.2557
TEST_2227,57.838184
TEST_2228,443.39667
TEST_2229,879.2269
TEST_2230,190.10655
TEST_2231,191.58185
TEST_2232,116.13975
TEST_2233,38.667065
TEST_2234,700.7837
TEST_2235,201.26302
TEST_2236,469.85098
TEST_2237,137.04276
TEST_2238,156.84074
TEST_2239,125.42826
TEST_2240,142.17252
TEST_2241,427.1815
TEST_2242,89.96871
TEST_2243,40.015617
TEST_2244,62.3346
TEST_2245,30.227571
TEST_2246,401.90158
TEST_2247,385.00726
TEST_2248,63.4449
TEST_2249,144.43286
TEST_2250,412.46158
TEST_2251,57.95704
TEST_2252,190.71924
TEST_2253,51.43952
TEST_2254,597.0915
TEST_2255,152.73688
TEST_2256,646.5809
TEST_2257,116.44717
TEST_2258,241.81664
TEST_2259,375.867
TEST_2260,46.825176
TEST_2261,575.63715
TEST_2262,284.21497
TEST_2263,70.68918
TEST_2264,69.164795
TEST_2265,839.4411
TEST_2266,244.5573
TEST_2267,43.70949
TEST_2268,58.2162
TEST_2269,69.29089
TEST_2270,246.19116
TEST_2271,492.16833
TEST_2272,32.217293
TEST_2273,90.903114
TEST_2274,64.81371
TEST_2275,34.54418
TEST_2276,44.12178
TEST_2277,327.73645
TEST_2278,47.0894
TEST_2279,46.053883
TEST_2280,36.841225
TEST_2281,236.26779
TEST_2282,312.58856
TEST_2283,169.2083
TEST_2284,64.49376
TEST_2285,242.83443
TEST_2286,47.17781
TEST_2287,104.69899
TEST_2288,32.126606
TEST_2289,65.33667
TEST_2290,133.75798
TEST_2291,682.8876
TEST_2292,320.45068
TEST_2293,30.89796
TEST_2294,443.6795
TEST_2295,505.9536
TEST_2296,230.57571
TEST_2297,360.28674
TEST_2298,72.11295
TEST_2299,44.926765
TEST_2300,348.3319
TEST_2301,416.1442
TEST_2302,314.64972
TEST_2303,43.441963
TEST_2304,39.22634
TEST_2305,139.23358
TEST_2306,214.88864
TEST_2307,389.30264
TEST_2308,79.821266
TEST_2309,369.52084
TEST_2310,459.1575
TEST_2311,57.74404
TEST_2312,70.457
TEST_2313,133.86975
TEST_2314,39.696526
TEST_2315,84.33417
TEST_2316,117.92942
TEST_2317,47.36422
TEST_2318,41.593853
TEST_2319,194.52754
TEST_2320,118.25273
TEST_2321,222.59636
TEST_2322,467.19876
TEST_2323,117.88646
TEST_2324,516.1266
TEST_2325,86.53576
TEST_2326,52.349834
TEST_2327,32.313213
TEST_2328,382.71436
TEST_2329,2000.9431
TEST_2330,86.539024
TEST_2331,72.6167
TEST_2332,72.76132
TEST_2333,446.46997
TEST_2334,42.857864
TEST_2335,37.203697
TEST_2336,663.4577
TEST_2337,329.28098
TEST_2338,471.41492
TEST_2339,232.91599
TEST_2340,75.70341
TEST_2341,49.901115
TEST_2342,140.02705
TEST_2343,149.92783
TEST_2344,1452.2649
TEST_2345,43.73776
TEST_2346,63.978542
TEST_2347,760.9151
TEST_2348,84.481804
TEST_2349,29.036764
TEST_2350,816.3402
TEST_2351,66.61369
TEST_2352,309.58572
TEST_2353,320.4505
TEST_2354,40.691364
TEST_2355,133.22462
TEST_2356,261.011
TEST_2357,96.09372
TEST_2358,97.20038
TEST_2359,302.71466
TEST_2360,355.14618
TEST_2361,36.20505
TEST_2362,270.24338
TEST_2363,28.470747
TEST_2364,339.06476
TEST_2365,358.75787
TEST_2366,897.046
TEST_2367,220.94379
TEST_2368,158.11047
TEST_2369,491.1651
TEST_2370,35.016582
TEST_2371,47.447426
TEST_2372,1311.1238
TEST_2373,333.61246
TEST_2374,355.08145
TEST_2375,34.055058
TEST_2376,331.49258
TEST_2377,644.61896
TEST_2378,102.9145
TEST_2379,67.48371
TEST_2380,160.922
TEST_2381,177.78905
TEST_2382,119.80874
TEST_2383,560.13055
TEST_2384,116.73795
TEST_2385,33.024784
TEST_2386,454.48724
TEST_2387,136.32967
TEST_2388,718.6626
TEST_2389,284.24606
TEST_2390,129.02834
TEST_2391,24.266365
TEST_2392,641.7686
TEST_2393,335.12012
TEST_2394,50.149055
TEST_2395,72.18147
TEST_2396,134.4483
TEST_2397,325.77173
TEST_2398,279.7612
TEST_2399,546.7223
TEST_2400,115.18491
TEST_2401,35.823044
TEST_2402,289.31754
TEST_2403,43.925922
TEST_2404,127.97445
TEST_2405,1012.72534
TEST_2406,45.63187
TEST_2407,1198.3269
TEST_2408,336.194
TEST_2409,31.525303
TEST_2410,201.34251
TEST_2411,31.223417
TEST_2412,432.10464
TEST_2413,37.981106
TEST_2414,35.65051
TEST_2415,92.313354
TEST_2416,903.5558
TEST_2417,299.34265
TEST_2418,172.03032
TEST_2419,46.538788
TEST_2420,616.1643
TEST_2421,364.05896
TEST_2422,42.66406
TEST_2423,412.08804
TEST_2424,460.4976
TEST_2425,44.48278
TEST_2426,42.64991
TEST_2427,71.405365
TEST_2428,28.116215
TEST_2429,40.05497
TEST_2430,98.73993
TEST_2431,72.98834
TEST_2432,953.67236
TEST_2433,56.105057
TEST_2434,409.30826
TEST_2435,463.36807
TEST_2436,1075.7101
TEST_2437,428.927
TEST_2438,205.10371
TEST_2439,550.6962
TEST_2440,180.57077
TEST_2441,42.46442
TEST_2442,42.79001
TEST_2443,186.41139
TEST_2444,304.87836
TEST_2445,51.578537
TEST_2446,48.840336
TEST_2447,92.05452
TEST_2448,27.436243
TEST_2449,234.88654
TEST_2450,77.06574
TEST_2451,42.05156
TEST_2452,270.68628
TEST_2453,40.4681
TEST_2454,74.43659
TEST_2455,28.894407
TEST_2456,61.432423
TEST_2457,31.348753
TEST_2458,173.82318
TEST_2459,275.1567
TEST_2460,471.9924
TEST_2461,40.983723
TEST_2462,60.287838
TEST_2463,874.55237
TEST_2464,130.32368
TEST_2465,210.20679
TEST_2466,415.7171
TEST_2467,76.46641
TEST_2468,136.06828
TEST_2469,132.91226
TEST_2470,126.769875
TEST_2471,457.22736
TEST_2472,181.26883
TEST_2473,757.4613
TEST_2474,335.13272
TEST_2475,346.91135
TEST_2476,2000.5312
TEST_2477,165.77545
TEST_2478,32.44713
TEST_2479,81.868706
TEST_2480,78.36767
TEST_2481,124.79307
TEST_2482,474.0274
TEST_2483,143.42404
TEST_2484,96.29951
TEST_2485,86.74339
TEST_2486,529.0462
TEST_2487,187.33662
TEST_2488,97.136314
TEST_2489,34.564087
TEST_2490,1020.74554
TEST_2491,104.35258
TEST_2492,30.506016
TEST_2493,62.082943
TEST_2494,301.03366
TEST_2495,391.6475
TEST_2496,389.4589
TEST_2497,70.370125
TEST_2498,239.7474
TEST_2499,255.36028
TEST_2500,81.24761
TEST_2501,103.08322
TEST_2502,56.473125
TEST_2503,302.06686
TEST_2504,742.9129
TEST_2505,35.817158
TEST_2506,339.80905
TEST_2507,58.73003
TEST_2508,69.81419
TEST_2509,207.86948
TEST_2510,473.99695
TEST_2511,57.015686
TEST_2512,195.49529
TEST_2513,220.53575
TEST_2514,295.1854
TEST_2515,132.49525
TEST_2516,50.157978
TEST_2517,146.58966
TEST_2518,105.595955
TEST_2519,45.59044
TEST_2520,526.91565
TEST_2521,40.77256
TEST_2522,150.4736
TEST_2523,392.5971
TEST_2524,320.42776
TEST_2525,70.906334
TEST_2526,327.10342
TEST_2527,529.1883
TEST_2528,533.22107
TEST_2529,157.07846
TEST_2530,97.85926
TEST_2531,598.8781
TEST_2532,689.282
TEST_2533,25.07382
TEST_2534,49.5085
TEST_2535,35.15638
TEST_2536,36.234905
TEST_2537,32.555065
TEST_2538,1225.6956
TEST_2539,104.08757
TEST_2540,864.66016
TEST_2541,91.113914
TEST_2542,67.10036
TEST_2543,183.80608
TEST_2544,48.797222
TEST_2545,435.34143
TEST_2546,118.98313
TEST_2547,126.55321
TEST_2548,683.7482
TEST_2549,73.76033
TEST_2550,66.21709
TEST_2551,341.13116
TEST_2552,88.8071
TEST_2553,306.53992
TEST_2554,110.75343
TEST_2555,282.8225
TEST_2556,63.835976
TEST_2557,43.484455
TEST_2558,653.83203
TEST_2559,28.301975
TEST_2560,27.900091
TEST_2561,24.149033
TEST_2562,1702.0448
TEST_2563,73.006905
TEST_2564,482.5279
TEST_2565,123.16931
TEST_2566,27.864082
TEST_2567,438.83292
TEST_2568,29.193844
TEST_2569,29.793049
TEST_2570,156.12698
TEST_2571,307.39655
TEST_2572,49.066185
TEST_2573,442.62158
TEST_2574,817.69684
TEST_2575,433.22424
TEST_2576,302.25818
TEST_2577,145.9309
TEST_2578,29.119312
TEST_2579,607.938
TEST_2580,46.637886
TEST_2581,30.77398
TEST_2582,357.5894
TEST_2583,41.781296
TEST_2584,66.35102
TEST_2585,76.6621
TEST_2586,88.03073
TEST_2587,392.00208
TEST_2588,152.13275
TEST_2589,504.42255
TEST_2590,77.81819
TEST_2591,48.467987
TEST_2592,119.43595
TEST_2593,267.99496
TEST_2594,84.96006
TEST_2595,71.78115
TEST_2596,260.23706
TEST_2597,517.16876
TEST_2598,63.973106
TEST_2599,1066.5114
TEST_2600,407.88367
TEST_2601,83.83838
TEST_2602,99.89273
TEST_2603,502.8708
TEST_2604,849.42163
TEST_2605,58.704605
TEST_2606,114.659874
TEST_2607,63.403065
TEST_2608,35.582066
TEST_2609,322.8377
TEST_2610,74.28056
TEST_2611,26.251123
TEST_2612,28.86665
TEST_2613,130.49263
TEST_2614,343.22678
TEST_2615,44.89841
TEST_2616,79.63623
TEST_2617,55.965694
TEST_2618,110.65982
TEST_2619,122.14881
TEST_2620,874.6536
TEST_2621,160.84554
TEST_2622,80.49174
TEST_2623,87.89471
TEST_2624,360.55255
TEST_2625,1702.042
TEST_2626,1485.8083
TEST_2627,190.9489
TEST_2628,49.542496
TEST_2629,50.23643
TEST_2630,63.146946
TEST_2631,122.53483
TEST_2632,36.26148
TEST_2633,160.04126
TEST_2634,485.1438
TEST_2635,2708.5706
TEST_2636,286.08493
TEST_2637,448.57544
TEST_2638,152.43797
TEST_2639,65.23908
TEST_2640,60.466515
TEST_2641,99.21625
TEST_2642,674.7846
TEST_2643,212.01067
TEST_2644,108.22129
TEST_2645,122.98535
TEST_2646,30.585627
TEST_2647,389.50323
TEST_2648,146.89426
TEST_2649,114.23448
TEST_2650,110.90079
TEST_2651,98.32523
TEST_2652,945.353
TEST_2653,510.79913
TEST_2654,52.11707
TEST_2655,324.4221
TEST_2656,303.8977
TEST_2657,330.97812
TEST_2658,375.93997
TEST_2659,437.02213
TEST_2660,458.84286
TEST_2661,138.12706
TEST_2662,73.49882
TEST_2663,58.69673
TEST_2664,112.158325
TEST_2665,102.82948
TEST_2666,51.605244
TEST_2667,135.50449
TEST_2668,476.5336
TEST_2669,63.00629
TEST_2670,154.51212
TEST_2671,358.77582
TEST_2672,54.696224
TEST_2673,61.660515
TEST_2674,69.92873
TEST_2675,232.22011
TEST_2676,45.44389
TEST_2677,58.70295
TEST_2678,29.876999
TEST_2679,291.45377
TEST_2680,2234.9673
TEST_2681,48.574223
TEST_2682,33.13781
TEST_2683,47.08532
TEST_2684,52.415203
TEST_2685,123.07993
TEST_2686,205.97266
TEST_2687,26.899075
TEST_2688,37.7066
TEST_2689,183.83336
TEST_2690,78.65275
TEST_2691,196.7108
TEST_2692,151.10184
TEST_2693,94.542114
TEST_2694,116.61348
TEST_2695,729.1792
TEST_2696,483.71667
TEST_2697,28.093678
TEST_2698,31.319605
TEST_2699,1373.2008
TEST_2700,196.3233
TEST_2701,50.67644
TEST_2702,56.30868
TEST_2703,292.16562
TEST_2704,45.057983
TEST_2705,194.64717
TEST_2706,178.51549
TEST_2707,395.54242
TEST_2708,655.702
TEST_2709,319.74603
TEST_2710,122.56349
TEST_2711,60.844498
TEST_2712,272.59094
TEST_2713,28.30939
TEST_2714,102.3663
TEST_2715,194.35388
TEST_2716,220.2948
TEST_2717,454.87057
TEST_2718,39.31157
TEST_2719,65.508
TEST_2720,194.41092
TEST_2721,282.94376
TEST_2722,89.12924
TEST_2723,211.34601
TEST_2724,217.14465
TEST_2725,37.11734
TEST_2726,49.923546
TEST_2727,52.683685
TEST_2728,109.1344
TEST_2729,52.873802
TEST_2730,42.081356
TEST_2731,193.54579
TEST_2732,440.57123
TEST_2733,535.94666
TEST_2734,81.2775
TEST_2735,212.8992
TEST_2736,61.842636
TEST_2737,219.35176
TEST_2738,352.45743
TEST_2739,39.601585
TEST_2740,407.30283
TEST_2741,633.1957
TEST_2742,714.70416
TEST_2743,397.59155
TEST_2744,88.536194
TEST_2745,165.69731
TEST_2746,133.07307
TEST_2747,290.16797
TEST_2748,73.216064
TEST_2749,35.447506
TEST_2750,32.580486
TEST_2751,72.80508
TEST_2752,489.35214
TEST_2753,1080.0482
TEST_2754,31.709785
TEST_2755,105.27719
TEST_2756,72.39967
TEST_2757,686.0995
TEST_2758,264.14514
TEST_2759,800.4493
TEST_2760,311.78802
TEST_2761,174.05338
TEST_2762,55.018875
TEST_2763,361.4248
TEST_2764,28.851646
TEST_2765,780.25494
TEST_2766,222.39552
TEST_2767,206.74724
TEST_2768,75.69992
TEST_2769,111.9917
TEST_2770,122.628716
TEST_2771,192.2183
TEST_2772,413.06638
TEST_2773,28.010326
TEST_2774,249.1392
TEST_2775,338.65164
TEST_2776,444.98743
TEST_2777,107.23525
TEST_2778,511.3575
TEST_2779,48.522587
TEST_2780,157.10661
TEST_2781,1388.5398
TEST_2782,465.75256
TEST_2783,53.701904
TEST_2784,172.66719
TEST_2785,306.73
TEST_2786,44.244877
TEST_2787,59.060143
TEST_2788,456.23685
TEST_2789,127.26083
TEST_2790,260.82974
TEST_2791,255.99301
TEST_2792,473.88724
TEST_2793,48.06669
TEST_2794,79.27722
TEST_2795,485.28024
TEST_2796,77.56987
TEST_2797,555.2015
TEST_2798,58.36007
TEST_2799,38.86468
TEST_2800,224.77834
TEST_2801,186.89256
TEST_2802,45.107414
TEST_2803,180.68468
TEST_2804,51.419987
TEST_2805,36.214314
TEST_2806,69.75694
TEST_2807,278.8225
TEST_2808,203.33087
TEST_2809,87.86911
TEST_2810,236.73067
TEST_2811,329.3553
TEST_2812,76.86254
TEST_2813,92.40728
TEST_2814,226.86523
TEST_2815,41.264713
TEST_2816,47.51151
TEST_2817,66.55619
TEST_2818,54.904533
TEST_2819,55.23256
TEST_2820,45.513596
TEST_2821,176.54654
TEST_2822,341.71664
TEST_2823,31.99141
TEST_2824,180.78798
TEST_2825,1151.8888
TEST_2826,510.02942
TEST_2827,1156.3411
TEST_2828,86.873085
TEST_2829,1025.6079
TEST_2830,65.91845
TEST_2831,136.40279
TEST_2832,237.94026
TEST_2833,34.56142
TEST_2834,268.05124
TEST_2835,132.96902
TEST_2836,516.631
TEST_2837,6.823201
TEST_2838,453.78052
TEST_2839,105.60858
TEST_2840,256.99225
TEST_2841,195.76646
TEST_2842,1035.9192
TEST_2843,166.94261
TEST_2844,366.3988
TEST_2845,103.008865
TEST_2846,204.40094
TEST_2847,419.57904
TEST_2848,73.64294
TEST_2849,357.8285
TEST_2850,89.731125
TEST_2851,472.6226
TEST_2852,124.54301
TEST_2853,131.52417
TEST_2854,26.915264
TEST_2855,81.46711
TEST_2856,862.304
TEST_2857,355.15552
TEST_2858,213.1912
TEST_2859,247.28093
TEST_2860,176.91591
TEST_2861,626.2104
TEST_2862,31.348337
TEST_2863,555.98334
TEST_2864,113.35017
TEST_2865,31.199623
TEST_2866,192.74088
TEST_2867,235.94225
TEST_2868,85.11371
TEST_2869,53.08462
TEST_2870,43.311478
TEST_2871,304.6999
TEST_2872,236.07596
TEST_2873,894.3622
TEST_2874,1143.2064
TEST_2875,54.851818
TEST_2876,45.84666
TEST_2877,1246.4807
TEST_2878,329.8663
TEST_2879,34.974926
TEST_2880,371.4837
TEST_2881,74.49376
TEST_2882,341.69336
TEST_2883,169.82594
TEST_2884,133.96565
TEST_2885,455.4008
TEST_2886,488.7046
TEST_2887,564.2998
TEST_2888,162.8664
TEST_2889,53.066826
TEST_2890,854.5883
TEST_2891,125.2248
TEST_2892,132.40273
TEST_2893,312.25952
TEST_2894,286.7224
TEST_2895,866.0298
TEST_2896,214.793
TEST_2897,250.97026
TEST_2898,127.8358
TEST_2899,48.924637
TEST_2900,270.00803
TEST_2901,427.43033
TEST_2902,29.18295
TEST_2903,199.89523
TEST_2904,368.94934
TEST_2905,111.73786
TEST_2906,1652.2258
TEST_2907,253.30145
TEST_2908,76.04864
TEST_2909,63.852768
TEST_2910,899.01196
TEST_2911,267.06903
TEST_2912,138.63977
TEST_2913,29.672272
TEST_2914,1004.88306
TEST_2915,166.06877
TEST_2916,940.2346
TEST_2917,37.388508
TEST_2918,238.86476
TEST_2919,85.510544
TEST_2920,131.8937
TEST_2921,139.38599
TEST_2922,385.2531
TEST_2923,353.71396
TEST_2924,27.147455
TEST_2925,347.50357
TEST_2926,327.47403
TEST_2927,128.72783
TEST_2928,101.056435
TEST_2929,260.3734
TEST_2930,113.80392
TEST_2931,52.21902
TEST_2932,339.9703
TEST_2933,80.13712
TEST_2934,48.82497
TEST_2935,689.61804
TEST_2936,36.792637
TEST_2937,83.6978
TEST_2938,42.97622
TEST_2939,106.05244
TEST_2940,30.48966
TEST_2941,218.54982
TEST_2942,659.2975
TEST_2943,502.62677
TEST_2944,244.55788
TEST_2945,290.6692
TEST_2946,88.15035
TEST_2947,343.2279
TEST_2948,441.7854
TEST_2949,241.68982
TEST_2950,166.45258
TEST_2951,1509.6023
TEST_2952,148.83038
TEST_2953,94.94007
TEST_2954,72.17749
TEST_2955,703.3939
TEST_2956,845.46454
TEST_2957,352.87982
TEST_2958,205.2012
TEST_2959,880.0022
TEST_2960,622.4207
TEST_2961,49.73993
TEST_2962,554.1794
TEST_2963,1638.4696
TEST_2964,153.79955
TEST_2965,232.0987
TEST_2966,64.350395
TEST_2967,33.33602
TEST_2968,989.9556
TEST_2969,57.854992
TEST_2970,59.38696
TEST_2971,991.4069
TEST_2972,425.3414
TEST_2973,200.65045
TEST_2974,50.140617
TEST_2975,183.2628
TEST_2976,651.6623
TEST_2977,34.075855
TEST_2978,721.4645
TEST_2979,61.289425
TEST_2980,147.02768
TEST_2981,51.661793
TEST_2982,685.4439
TEST_2983,122.691284
TEST_2984,1269.6156
TEST_2985,147.91104
TEST_2986,197.32782
TEST_2987,310.66583
TEST_2988,56.564453
TEST_2989,441.58734
TEST_2990,36.287952
TEST_2991,1024.4604
TEST_2992,104.637
TEST_2993,45.678932
TEST_2994,52.50882
TEST_2995,199.92874
TEST_2996,79.05502
TEST_2997,255.30794
TEST_2998,1169.5795
TEST_2999,67.54185
TEST_3000,48.310795
TEST_3001,240.93517
TEST_3002,160.20773
TEST_3003,33.6154
TEST_3004,497.66708
TEST_3005,41.703205
TEST_3006,49.977673
TEST_3007,24.838554
TEST_3008,36.472523
TEST_3009,491.6231
TEST_3010,494.86182
TEST_3011,42.043392
TEST_3012,300.31866
TEST_3013,61.410126
TEST_3014,1356.9913
TEST_3015,258.29953
TEST_3016,28.29776
TEST_3017,1116.613
TEST_3018,117.73737
TEST_3019,122.92031
TEST_3020,923.851
TEST_3021,104.14513
TEST_3022,31.250063
TEST_3023,205.87013
TEST_3024,185.63498
TEST_3025,127.35353
TEST_3026,308.64447
TEST_3027,223.42297
TEST_3028,35.483315
TEST_3029,265.99277
TEST_3030,194.22372
TEST_3031,36.422184
TEST_3032,277.49084
TEST_3033,336.11472
TEST_3034,127.603264
TEST_3035,92.90732
TEST_3036,192.60645
TEST_3037,41.051132
TEST_3038,53.19033
TEST_3039,304.40793
TEST_3040,64.67292
TEST_3041,140.17816
TEST_3042,44.422718
TEST_3043,59.279087
TEST_3044,337.5056
TEST_3045,123.02724
TEST_3046,294.97192
TEST_3047,802.32153
TEST_3048,25.259777
TEST_3049,51.09728
TEST_3050,73.53506
TEST_3051,89.42662
TEST_3052,90.84938
TEST_3053,645.91296
TEST_3054,1430.4578
TEST_3055,437.04883
TEST_3056,236.18047
TEST_3057,379.8273
TEST_3058,295.76898
TEST_3059,50.895126
TEST_3060,74.19708
TEST_3061,618.9161
TEST_3062,158.73463
TEST_3063,95.02527
TEST_3064,35.02037
TEST_3065,232.91583
TEST_3066,455.93393
TEST_3067,97.2516
TEST_3068,62.320766
TEST_3069,170.49643
TEST_3070,769.28455
TEST_3071,250.77884
TEST_3072,180.00177
TEST_3073,333.30078
TEST_3074,101.006836
TEST_3075,109.94082
TEST_3076,75.90231
TEST_3077,349.08533
TEST_3078,65.856804
TEST_3079,34.81156
TEST_3080,290.33203
TEST_3081,57.684174
TEST_3082,451.93475
TEST_3083,46.11624
TEST_3084,641.72217
TEST_3085,1387.4124
TEST_3086,886.32574
TEST_3087,22.315258
TEST_3088,173.87398
TEST_3089,32.57658
TEST_3090,442.23572
TEST_3091,119.85048
TEST_3092,247.97
TEST_3093,990.3193
TEST_3094,1380.4885
TEST_3095,189.9778
TEST_3096,525.2655
TEST_3097,36.21473
TEST_3098,779.9778
TEST_3099,108.87648
TEST_3100,65.13835
TEST_3101,40.875877
TEST_3102,57.096405
TEST_3103,137.18396
TEST_3104,68.45569
TEST_3105,221.5242
TEST_3106,80.18272
TEST_3107,119.057365
TEST_3108,38.23465
TEST_3109,606.225
TEST_3110,174.01782
TEST_3111,64.31608
TEST_3112,54.768967
TEST_3113,311.80383
TEST_3114,134.7541
TEST_3115,566.95917
TEST_3116,158.73138
TEST_3117,111.12749
TEST_3118,391.6955
TEST_3119,53.52274
TEST_3120,247.29526
TEST_3121,57.376526
TEST_3122,37.420883
TEST_3123,152.02003
TEST_3124,676.55426
TEST_3125,43.027878
TEST_3126,175.15175
TEST_3127,35.116623
TEST_3128,45.8913
TEST_3129,39.469795
TEST_3130,120.856964
TEST_3131,283.8291
TEST_3132,157.41043
TEST_3133,185.34012
TEST_3134,65.8705
TEST_3135,80.91997
TEST_3136,356.4318
TEST_3137,295.07294
TEST_3138,116.67489
TEST_3139,94.99937
TEST_3140,32.802105
TEST_3141,50.186024
TEST_3142,485.12903
TEST_3143,143.14783
TEST_3144,32.932003
TEST_3145,861.56415
TEST_3146,226.5918
TEST_3147,557.9438
TEST_3148,325.51224
TEST_3149,50.098434
TEST_3150,48.422718
TEST_3151,75.95806
TEST_3152,99.49085
TEST_3153,44.732067
TEST_3154,266.67917
TEST_3155,52.11445
TEST_3156,30.44903
TEST_3157,51.522285
TEST_3158,96.431114
TEST_3159,100.21393
TEST_3160,164.24106
TEST_3161,257.48578
TEST_3162,66.87071
TEST_3163,46.428253
TEST_3164,328.93777
TEST_3165,717.597
TEST_3166,49.645947
TEST_3167,457.89343
TEST_3168,90.66006
TEST_3169,267.13788
TEST_3170,114.92963
TEST_3171,147.26826
TEST_3172,208.65405
TEST_3173,878.22394
TEST_3174,136.6371
TEST_3175,155.56142
TEST_3176,478.03613
TEST_3177,218.00589
TEST_3178,599.78015
TEST_3179,52.18836
TEST_3180,286.27
TEST_3181,818.1604
TEST_3182,928.1802
TEST_3183,68.74539
TEST_3184,44.603813
TEST_3185,50.19799
TEST_3186,74.62277
TEST_3187,65.31511
TEST_3188,173.79578
TEST_3189,886.8073
TEST_3190,759.87274
TEST_3191,26.463196
TEST_3192,30.895346
TEST_3193,172.70406
TEST_3194,347.57812
TEST_3195,335.75308
TEST_3196,138.59271
TEST_3197,180.8859
TEST_3198,395.59656
TEST_3199,579.4316
TEST_3200,66.54301
TEST_3201,389.46375
TEST_3202,197.09369
TEST_3203,27.724697
TEST_3204,66.422806
TEST_3205,165.36288
TEST_3206,42.83587
TEST_3207,85.48015
TEST_3208,98.30779
TEST_3209,69.03357
TEST_3210,70.974106
TEST_3211,428.03473
TEST_3212,111.81884
TEST_3213,1173.7343
TEST_3214,41.077484
TEST_3215,332.7025
TEST_3216,55.93976
TEST_3217,118.45162
TEST_3218,44.72978
TEST_3219,140.70064
TEST_3220,101.12199
TEST_3221,307.8695
TEST_3222,48.2177
TEST_3223,609.5451
TEST_3224,482.98462
TEST_3225,365.8472
TEST_3226,127.15966
TEST_3227,572.30365
TEST_3228,725.411
TEST_3229,31.240286
TEST_3230,172.33731
TEST_3231,501.08017
TEST_3232,28.552835
TEST_3233,89.00807
TEST_3234,30.504286
TEST_3235,137.5893
TEST_3236,45.50807
TEST_3237,653.74005
TEST_3238,377.21198
TEST_3239,757.90027
TEST_3240,229.9154
TEST_3241,537.9023
TEST_3242,605.234
TEST_3243,61.45033
TEST_3244,202.0718
TEST_3245,1038.8939
TEST_3246,42.334812
TEST_3247,373.25632
TEST_3248,501.4095
TEST_3249,253.24731
TEST_3250,30.332869
TEST_3251,458.0735
TEST_3252,98.73098
TEST_3253,48.281532
TEST_3254,79.999916
TEST_3255,65.53271
TEST_3256,458.9944
TEST_3257,108.056244
TEST_3258,86.0609
TEST_3259,570.3471
TEST_3260,40.530327
TEST_3261,255.50568
TEST_3262,125.58238
TEST_3263,181.53659
TEST_3264,1462.7538
TEST_3265,37.30792
TEST_3266,69.9241
TEST_3267,41.364346
TEST_3268,138.57368
TEST_3269,1676.1011
TEST_3270,709.01373
TEST_3271,24.69036
TEST_3272,436.86334
TEST_3273,159.96704
TEST_3274,33.16828
TEST_3275,371.1695
TEST_3276,355.72968
TEST_3277,376.2665
TEST_3278,914.6487
TEST_3279,26.215715
TEST_3280,40.01213
TEST_3281,71.345634
TEST_3282,59.607613
TEST_3283,213.07426
TEST_3284,51.53543
TEST_3285,939.1319
TEST_3286,348.95218
TEST_3287,52.79827
TEST_3288,686.00464
TEST_3289,56.99035
TEST_3290,178.34883
TEST_3291,157.9328
TEST_3292,78.70196
TEST_3293,250.32361
TEST_3294,59.052967
TEST_3295,65.71451
TEST_3296,880.15094
TEST_3297,534.8019
TEST_3298,453.07843
TEST_3299,1002.50836
TEST_3300,62.642296
TEST_3301,471.40213
TEST_3302,143.91293
TEST_3303,320.51947
TEST_3304,81.43145
TEST_3305,364.89105
TEST_3306,413.1392
TEST_3307,302.9805
TEST_3308,172.05293
TEST_3309,162.00931
TEST_3310,99.70937
TEST_3311,72.67572
TEST_3312,212.10547
TEST_3313,69.91181
TEST_3314,371.32196
TEST_3315,62.389206
TEST_3316,37.392048
TEST_3317,61.607246
TEST_3318,126.8127
TEST_3319,272.23102
TEST_3320,1053.2482
TEST_3321,72.17976
TEST_3322,242.792
TEST_3323,124.0039
TEST_3324,25.061844
TEST_3325,81.50256
TEST_3326,152.34503
TEST_3327,377.1151
TEST_3328,65.00252
TEST_3329,400.2067
TEST_3330,34.231678
TEST_3331,282.2326
TEST_3332,106.88711
TEST_3333,78.26519
TEST_3334,32.6497
TEST_3335,221.43661
TEST_3336,238.5601
TEST_3337,77.180244
TEST_3338,391.8131
TEST_3339,86.065254
TEST_3340,779.36053
TEST_3341,338.62302
TEST_3342,414.68927
TEST_3343,89.685135
TEST_3344,342.6062
TEST_3345,113.45984
TEST_3346,158.83981
TEST_3347,243.19171
TEST_3348,40.90042
TEST_3349,73.37204
TEST_3350,121.78905
TEST_3351,75.12229
TEST_3352,173.76292
TEST_3353,88.86984
TEST_3354,123.03545
TEST_3355,43.38626
TEST_3356,237.20648
TEST_3357,82.13523
TEST_3358,384.91537
TEST_3359,78.78127
TEST_3360,335.99826
TEST_3361,229.01851
TEST_3362,424.8739
TEST_3363,24.946915
TEST_3364,49.063934
TEST_3365,250.43999
TEST_3366,48.72248
TEST_3367,103.427734
TEST_3368,194.08862
TEST_3369,179.76254
TEST_3370,177.43156
TEST_3371,141.1499
TEST_3372,355.49887
TEST_3373,372.26758
TEST_3374,93.30969
TEST_3375,47.914192
TEST_3376,84.38914
TEST_3377,586.4394
TEST_3378,612.0742
TEST_3379,305.38525
TEST_3380,46.30773
TEST_3381,44.006058
TEST_3382,50.19943
TEST_3383,117.618225
TEST_3384,387.48828
TEST_3385,828.8817
TEST_3386,86.576324
TEST_3387,186.99475
TEST_3388,194.2136
TEST_3389,41.737312
TEST_3390,42.388584
TEST_3391,82.769806
TEST_3392,35.440685
TEST_3393,45.717308
TEST_3394,270.3001
TEST_3395,100.3733
TEST_3396,320.61157
TEST_3397,355.65643
TEST_3398,78.62257
TEST_3399,216.66637
TEST_3400,95.20563
TEST_3401,41.076252
TEST_3402,205.56764
TEST_3403,96.834915
TEST_3404,34.696594
TEST_3405,300.78632
TEST_3406,397.5666
TEST_3407,289.7851
TEST_3408,127.81154
TEST_3409,253.09586
TEST_3410,39.3675
TEST_3411,339.71252
TEST_3412,25.748058
TEST_3413,65.62315
TEST_3414,41.65576
TEST_3415,174.17834
TEST_3416,159.122
TEST_3417,331.18646
TEST_3418,316.70105
TEST_3419,62.171066
TEST_3420,120.19154
TEST_3421,59.225864
TEST_3422,322.36255
TEST_3423,58.99463
TEST_3424,51.27936
TEST_3425,67.586784
TEST_3426,283.68704
TEST_3427,29.275213
TEST_3428,109.89613
TEST_3429,368.34283
TEST_3430,47.86249
TEST_3431,264.9246
TEST_3432,191.9194
TEST_3433,893.418
TEST_3434,1408.8265
TEST_3435,228.30324
TEST_3436,91.3659
TEST_3437,33.316895
TEST_3438,44.06069
TEST_3439,235.99318
TEST_3440,173.44832
TEST_3441,183.46788
TEST_3442,1414.6108
TEST_3443,143.78943
TEST_3444,57.254063
TEST_3445,67.65474
TEST_3446,166.39384
TEST_3447,29.79094
TEST_3448,91.384094
TEST_3449,66.05485
TEST_3450,28.056482
TEST_3451,459.66144
TEST_3452,64.41822
TEST_3453,92.041824
TEST_3454,449.37582
TEST_3455,62.11502
TEST_3456,51.618706
TEST_3457,331.4725
TEST_3458,209.2777
TEST_3459,182.3048
TEST_3460,49.319294
TEST_3461,238.49496
TEST_3462,90.836266
TEST_3463,88.96499
TEST_3464,363.3354
TEST_3465,138.95946
TEST_3466,173.89912
TEST_3467,49.787125
TEST_3468,84.96675
TEST_3469,39.56562
TEST_3470,118.94731
TEST_3471,462.26932
TEST_3472,331.31552
TEST_3473,303.69034
TEST_3474,65.6335
TEST_3475,455.49548
TEST_3476,178.77011
TEST_3477,129.47139
TEST_3478,29.915205
TEST_3479,247.8026
TEST_3480,64.4722
TEST_3481,34.156334
TEST_3482,50.84394
TEST_3483,764.83606
TEST_3484,636.9355
TEST_3485,56.851166
TEST_3486,88.58663
TEST_3487,103.16524
TEST_3488,993.9967
TEST_3489,65.713585
TEST_3490,60.614162
TEST_3491,186.23608
TEST_3492,384.37378
TEST_3493,229.47922
TEST_3494,65.31261
TEST_3495,529.7645
TEST_3496,104.746956
TEST_3497,111.98823
TEST_3498,633.28094
TEST_3499,61.753036
TEST_3500,54.37798
TEST_3501,886.0512
TEST_3502,206.60263
TEST_3503,1064.6038
TEST_3504,378.98535
TEST_3505,51.72204
TEST_3506,60.110016
TEST_3507,38.203144
TEST_3508,318.0873
TEST_3509,717.3947
TEST_3510,72.68837
TEST_3511,48.872627
TEST_3512,40.39796
TEST_3513,52.399227
TEST_3514,54.516575
TEST_3515,83.744705
TEST_3516,206.1225
TEST_3517,70.140205
TEST_3518,245.76826
TEST_3519,165.05595
TEST_3520,152.694
TEST_3521,743.37823
TEST_3522,39.89279
TEST_3523,151.45836
TEST_3524,54.010464
TEST_3525,35.21918
TEST_3526,64.89476
TEST_3527,34.86512
TEST_3528,178.61845
TEST_3529,33.07722
TEST_3530,51.842052
TEST_3531,394.22894
TEST_3532,356.5515
TEST_3533,327.38916
TEST_3534,45.855015
TEST_3535,50.639786
TEST_3536,63.384155
TEST_3537,30.1026
TEST_3538,198.88756
TEST_3539,829.9325
TEST_3540,28.08963
TEST_3541,240.32448
TEST_3542,311.654
TEST_3543,85.26833
TEST_3544,44.35381
TEST_3545,2189.8396
TEST_3546,45.302856
TEST_3547,200.93861
TEST_3548,117.64299
TEST_3549,43.252934
TEST_3550,42.087006
TEST_3551,61.571686
TEST_3552,248.36069
TEST_3553,538.21
TEST_3554,143.77814
TEST_3555,118.85315
TEST_3556,98.64279
TEST_3557,79.98384
TEST_3558,335.73233
TEST_3559,194.80846
TEST_3560,28.88497
TEST_3561,165.185
TEST_3562,103.52435
TEST_3563,51.688244
TEST_3564,142.78413
TEST_3565,38.12713
TEST_3566,63.167416
TEST_3567,540.58136
TEST_3568,1635.1083
TEST_3569,507.1123
TEST_3570,447.2677
TEST_3571,33.250305
TEST_3572,101.37958
TEST_3573,32.68707
TEST_3574,156.39883
TEST_3575,270.61618
TEST_3576,432.56332
TEST_3577,206.41208
TEST_3578,75.0533
TEST_3579,158.6047
TEST_3580,160.86276
TEST_3581,202.37547
TEST_3582,207.79868
TEST_3583,204.58202
TEST_3584,585.2691
TEST_3585,224.50346
TEST_3586,91.47535
TEST_3587,138.217
TEST_3588,53.453415
TEST_3589,194.5879
TEST_3590,239.55026
TEST_3591,85.694435
TEST_3592,182.41634
TEST_3593,68.945885
TEST_3594,39.342964
TEST_3595,38.69322
TEST_3596,36.029915
TEST_3597,98.72693
TEST_3598,180.35345
TEST_3599,1619.6975
TEST_3600,61.77956
TEST_3601,30.877014
TEST_3602,187.64188
TEST_3603,321.10776
TEST_3604,106.135155
TEST_3605,103.32034
TEST_3606,70.97359
TEST_3607,189.8924
TEST_3608,134.05876
TEST_3609,63.70297
TEST_3610,28.089647
TEST_3611,477.06223
TEST_3612,552.823
TEST_3613,558.0624
TEST_3614,969.27026
TEST_3615,187.3714
TEST_3616,105.49804
TEST_3617,34.569798
TEST_3618,359.09512
TEST_3619,197.86925
TEST_3620,43.523563
TEST_3621,308.61542
TEST_3622,419.74863
TEST_3623,41.571285
TEST_3624,63.40355
TEST_3625,29.243374
TEST_3626,80.583916
TEST_3627,311.8423
TEST_3628,197.5805
TEST_3629,462.44257
TEST_3630,497.69904
TEST_3631,29.777338
TEST_3632,189.55888
TEST_3633,30.271358
TEST_3634,100.41676
TEST_3635,72.14969
TEST_3636,72.000824
TEST_3637,159.0058
TEST_3638,961.42145
TEST_3639,702.74426
TEST_3640,73.93757
TEST_3641,86.67028
TEST_3642,354.6891
TEST_3643,209.22409
TEST_3644,376.9562
TEST_3645,261.54813
TEST_3646,63.372448
TEST_3647,173.4069
TEST_3648,56.55786
TEST_3649,57.7698
TEST_3650,58.162437
TEST_3651,44.3756
TEST_3652,148.71367
TEST_3653,664.35315
TEST_3654,1882.1067
TEST_3655,400.66995
TEST_3656,448.62076
TEST_3657,270.8582
TEST_3658,183.68953
TEST_3659,1832.4028
TEST_3660,306.30267
TEST_3661,537.60223
TEST_3662,60.53775
TEST_3663,427.59183
TEST_3664,91.73423
TEST_3665,436.78943
TEST_3666,26.626684
TEST_3667,1456.3405
TEST_3668,232.6528
TEST_3669,294.86707
TEST_3670,56.376965
TEST_3671,105.23612
TEST_3672,491.1824
TEST_3673,33.40975
TEST_3674,62.438168
TEST_3675,46.428223
TEST_3676,24.879677
TEST_3677,157.49751
TEST_3678,724.4553
TEST_3679,258.42838
TEST_3680,35.981277
TEST_3681,29.34859
TEST_3682,68.20732
TEST_3683,161.707
TEST_3684,28.352007
TEST_3685,63.17628
TEST_3686,114.87761
TEST_3687,73.131256
TEST_3688,45.877327
TEST_3689,302.00262
TEST_3690,46.53545
TEST_3691,522.5031
TEST_3692,287.41388
TEST_3693,873.41125
TEST_3694,540.33325
TEST_3695,824.34125
TEST_3696,192.34358
TEST_3697,204.9138
TEST_3698,162.94574
TEST_3699,225.33946
TEST_3700,30.699482
TEST_3701,109.732605
TEST_3702,52.35235
TEST_3703,37.62813
TEST_3704,28.814774
TEST_3705,58.028847
TEST_3706,548.4296
TEST_3707,72.40588
TEST_3708,281.92633
TEST_3709,365.23868
TEST_3710,42.604446
TEST_3711,74.09403
TEST_3712,630.42804
TEST_3713,516.1901
TEST_3714,276.95425
TEST_3715,559.94403
TEST_3716,134.82605
TEST_3717,392.91812
TEST_3718,404.40756
TEST_3719,179.46536
TEST_3720,405.813
TEST_3721,28.205105
TEST_3722,50.534424
TEST_3723,703.6401
TEST_3724,482.81107
TEST_3725,73.62674
TEST_3726,45.62121
TEST_3727,158.90056
TEST_3728,192.05357
TEST_3729,1286.5208
TEST_3730,225.02977
TEST_3731,162.10725
TEST_3732,51.972275
TEST_3733,38.936913
TEST_3734,346.9771
TEST_3735,41.50974
TEST_3736,59.69551
TEST_3737,61.57547
TEST_3738,230.8783
TEST_3739,79.96309
TEST_3740,91.14284
TEST_3741,36.618427
TEST_3742,81.15297
TEST_3743,241.14374
TEST_3744,31.13104
TEST_3745,456.58047
TEST_3746,433.88318
TEST_3747,492.04987
TEST_3748,44.81401
TEST_3749,565.9142
TEST_3750,151.84045
TEST_3751,95.77262
TEST_3752,640.1092
TEST_3753,343.958
TEST_3754,1618.1615
TEST_3755,255.6899
TEST_3756,254.81241
TEST_3757,34.570007
TEST_3758,68.05745
TEST_3759,38.272514
TEST_3760,393.23462
TEST_3761,234.32164
TEST_3762,95.77879
TEST_3763,427.9369
TEST_3764,74.0541
TEST_3765,69.87972
TEST_3766,149.29494
TEST_3767,377.0924
TEST_3768,58.093536
TEST_3769,86.877464
TEST_3770,61.500042
TEST_3771,98.798584
TEST_3772,37.72364
TEST_3773,29.938942
TEST_3774,168.05132
TEST_3775,68.76684
TEST_3776,438.56668
TEST_3777,38.73411
TEST_3778,146.00946
TEST_3779,528.2883
TEST_3780,768.44916
TEST_3781,56.846664
TEST_3782,23.500555
TEST_3783,71.49803
TEST_3784,221.24698
TEST_3785,188.87885
TEST_3786,294.42444
TEST_3787,170.13757
TEST_3788,113.25662
TEST_3789,52.699165
TEST_3790,456.79922
TEST_3791,778.7919
TEST_3792,337.06662
TEST_3793,50.739338
TEST_3794,270.36932
TEST_3795,1354.2507
TEST_3796,59.73028
TEST_3797,50.348125
TEST_3798,73.306046
TEST_3799,272.74185
TEST_3800,29.432318
TEST_3801,956.0517
TEST_3802,173.76755
TEST_3803,56.43756
TEST_3804,294.37335
TEST_3805,119.61155
TEST_3806,283.7398
TEST_3807,431.17474
TEST_3808,38.283646
TEST_3809,166.72775
TEST_3810,369.73276
TEST_3811,136.89883
TEST_3812,803.2265
TEST_3813,401.27252
TEST_3814,449.42484
TEST_3815,57.53272
TEST_3816,760.10034
TEST_3817,78.97753
TEST_3818,26.433657
TEST_3819,114.72591
TEST_3820,61.412037
TEST_3821,96.81212
TEST_3822,191.68794
TEST_3823,1605.7393
TEST_3824,130.44312
TEST_3825,47.58442
TEST_3826,36.74251
TEST_3827,49.00304
TEST_3828,127.68681
TEST_3829,289.73883
TEST_3830,102.204025
TEST_3831,125.71307
TEST_3832,24.421564
TEST_3833,32.68284
TEST_3834,66.122505
TEST_3835,718.76025
TEST_3836,156.66647
TEST_3837,492.72275
TEST_3838,80.95004
TEST_3839,210.11353
TEST_3840,368.09518
TEST_3841,347.90253
TEST_3842,346.38998
TEST_3843,150.14447
TEST_3844,30.760416
TEST_3845,62.15136
TEST_3846,411.29694
TEST_3847,359.51663
TEST_3848,63.578384
TEST_3849,82.292656
TEST_3850,197.39182
TEST_3851,375.2205
TEST_3852,298.11743
TEST_3853,500.64105
TEST_3854,373.51886
TEST_3855,55.355232
TEST_3856,47.19104
TEST_3857,64.75764
TEST_3858,109.70068
TEST_3859,149.82132
TEST_3860,346.37177
TEST_3861,137.29819
TEST_3862,83.34031
TEST_3863,728.1194
TEST_3864,297.05704
TEST_3865,23.157974
TEST_3866,884.4815
TEST_3867,252.80176
TEST_3868,157.80562
TEST_3869,74.5906
TEST_3870,194.58897
TEST_3871,97.33648
TEST_3872,581.2445
TEST_3873,53.48127
TEST_3874,63.490486
TEST_3875,469.7446
TEST_3876,149.19229
TEST_3877,157.69919
TEST_3878,140.89032
TEST_3879,225.18222
TEST_3880,107.75833
TEST_3881,224.41937
TEST_3882,190.4852
TEST_3883,121.828865
TEST_3884,318.33023
TEST_3885,236.62471
TEST_3886,1004.91486
TEST_3887,233.0812
TEST_3888,37.58561
TEST_3889,111.32805
TEST_3890,58.394276
TEST_3891,45.073128
TEST_3892,56.892895
TEST_3893,1090.6469
TEST_3894,183.40182
TEST_3895,159.40508
TEST_3896,184.84927
TEST_3897,179.36519
TEST_3898,60.049572
TEST_3899,59.088093
TEST_3900,22.231977
TEST_3901,485.98206
TEST_3902,48.461845
TEST_3903,308.0238
TEST_3904,316.77594
TEST_3905,309.61484
TEST_3906,56.25009
TEST_3907,1847.0449
TEST_3908,334.47653
TEST_3909,51.857677
TEST_3910,1178.0342
TEST_3911,294.5425
TEST_3912,198.79439
TEST_3913,1147.5957
TEST_3914,399.0178
